,Action,word,Start_time,End_time,duration,time
0,StartBlockSaying,,2022-06-28 11:13:38.761,2022-06-28 11:13:40.453,866,2022-06-28 11:13:39.155
1,StartReading,TENEDOR,2022-06-28 11:13:40.453,2022-06-28 11:13:41.162,363,2022-06-28 11:13:40.846
2,StartSaying,TENEDOR,2022-06-28 11:13:41.162,2022-06-28 11:13:43.167,1027,2022-06-28 11:13:41.556
3,EndSaying,TENEDOR,2022-06-28 11:13:43.167,2022-06-28 11:13:45.013,945,2022-06-28 11:13:43.562
4,StartReading,OREJA,2022-06-28 11:13:45.013,2022-06-28 11:13:45.726,365,2022-06-28 11:13:45.407
5,StartSaying,OREJA,2022-06-28 11:13:45.726,2022-06-28 11:13:47.730,1026,2022-06-28 11:13:46.120
6,EndSaying,OREJA,2022-06-28 11:13:47.730,2022-06-28 11:13:49.246,776,2022-06-28 11:13:48.125
7,StartReading,CUCHILLO,2022-06-28 11:13:49.246,2022-06-28 11:13:49.955,363,2022-06-28 11:13:49.640
8,StartSaying,CUCHILLO,2022-06-28 11:13:49.955,2022-06-28 11:13:51.960,1027,2022-06-28 11:13:50.349
9,EndSaying,CUCHILLO,2022-06-28 11:13:51.960,2022-06-28 11:13:53.970,1029,2022-06-28 11:13:52.354
10,StartReading,TOMATE,2022-06-28 11:13:53.970,2022-06-28 11:13:54.767,408,2022-06-28 11:13:54.365
11,StartSaying,TOMATE,2022-06-28 11:13:54.767,2022-06-28 11:13:56.771,1026,2022-06-28 11:13:55.162
12,EndSaying,TOMATE,2022-06-28 11:13:56.771,2022-06-28 11:13:58.542,907,2022-06-28 11:13:57.167
13,StartReading,LEÓN,2022-06-28 11:13:58.542,2022-06-28 11:13:59.251,363,2022-06-28 11:13:58.936
14,StartSaying,LEÓN,2022-06-28 11:13:59.251,2022-06-28 11:14:01.255,1026,2022-06-28 11:13:59.647
15,EndSaying,LEÓN,2022-06-28 11:14:01.255,2022-06-28 11:14:02.830,806,2022-06-28 11:14:01.651
16,StartReading,LECHUGA,2022-06-28 11:14:02.830,2022-06-28 11:14:03.539,363,2022-06-28 11:14:03.224
17,EndReading,LECHUGA,2022-06-28 11:14:03.539,2022-06-28 11:14:05.542,1026,2022-06-28 11:14:03.935
18,EndSaying,LECHUGA,2022-06-28 11:14:05.542,2022-06-28 11:14:07.398,950,2022-06-28 11:14:05.939
19,StartReading,CUCHARA,2022-06-28 11:14:07.398,2022-06-28 11:14:08.107,363,2022-06-28 11:14:07.792
20,StartSaying,CUCHARA,2022-06-28 11:14:08.107,2022-06-28 11:14:10.111,1026,2022-06-28 11:14:08.502
21,EndSaying,CUCHARA,2022-06-28 11:14:10.111,2022-06-28 11:14:11.810,870,2022-06-28 11:14:10.506
22,StartReading,MANO,2022-06-28 11:14:11.810,2022-06-28 11:14:12.519,363,2022-06-28 11:14:12.206
23,StartSaying,MANO,2022-06-28 11:14:12.519,2022-06-28 11:14:14.525,1027,2022-06-28 11:14:12.915
24,EndSaying,MANO,2022-06-28 11:14:14.525,2022-06-28 11:14:16.365,942,2022-06-28 11:14:14.921
25,StartReading,COPA,2022-06-28 11:14:16.365,2022-06-28 11:14:17.078,365,2022-06-28 11:14:16.761
26,StartSaying,COPA,2022-06-28 11:14:17.078,2022-06-28 11:14:19.083,1027,2022-06-28 11:14:17.474
27,EndSaying,COPA,2022-06-28 11:14:19.083,2022-06-28 11:14:20.988,975,2022-06-28 11:14:19.479
28,StartReading,NARANJA,2022-06-28 11:14:20.988,2022-06-28 11:14:21.701,365,2022-06-28 11:14:21.385
29,StartSaying,NARANJA,2022-06-28 11:14:21.701,2022-06-28 11:14:23.707,1027,2022-06-28 11:14:22.096
30,EndSaying,NARANJA,2022-06-28 11:14:23.707,2022-06-28 11:14:26.271,1313,2022-06-28 11:14:24.101
31,StartBlockThinking,,2022-06-28 11:14:26.271,2022-06-28 11:14:28.201,988,2022-06-28 11:14:26.668
32,StartReading,OREJA,2022-06-28 11:14:28.201,2022-06-28 11:14:28.908,362,2022-06-28 11:14:28.596
33,StartSaying,OREJA,2022-06-28 11:14:28.908,2022-06-28 11:14:30.914,1027,2022-06-28 11:14:29.305
34,EndSaying,OREJA,2022-06-28 11:14:30.914,2022-06-28 11:14:32.771,951,2022-06-28 11:14:31.310
35,StartReading,GUITARRA,2022-06-28 11:14:32.771,2022-06-28 11:14:33.480,363,2022-06-28 11:14:33.167
36,StartSaying,GUITARRA,2022-06-28 11:14:33.480,2022-06-28 11:14:35.484,1026,2022-06-28 11:14:33.877
37,EndSaying,GUITARRA,2022-06-28 11:14:35.484,2022-06-28 11:14:37.482,1023,2022-06-28 11:14:35.881
38,StartReading,FLAUTA,2022-06-28 11:14:37.482,2022-06-28 11:14:38.191,363,2022-06-28 11:14:37.879
39,StartSaying,FLAUTA,2022-06-28 11:14:38.191,2022-06-28 11:14:40.199,1028,2022-06-28 11:14:38.588
40,EndSaying,FLAUTA,2022-06-28 11:14:40.199,2022-06-28 11:14:42.072,959,2022-06-28 11:14:40.595
41,StartReading,NARANJA,2022-06-28 11:14:42.072,2022-06-28 11:14:42.789,367,2022-06-28 11:14:42.470
42,StartSaying,NARANJA,2022-06-28 11:14:42.789,2022-06-28 11:14:44.792,1026,2022-06-28 11:14:43.185
43,EndSaying,NARANJA,2022-06-28 11:14:44.792,2022-06-28 11:14:46.361,803,2022-06-28 11:14:45.190
44,StartReading,MANZANA,2022-06-28 11:14:46.361,2022-06-28 11:14:47.072,364,2022-06-28 11:14:46.760
45,StartSaying,MANZANA,2022-06-28 11:14:47.072,2022-06-28 11:14:49.078,1027,2022-06-28 11:14:47.470
46,EndSaying,MANZANA,2022-06-28 11:14:49.078,2022-06-28 11:14:50.861,913,2022-06-28 11:14:49.474
47,StartReading,COPA,2022-06-28 11:14:50.861,2022-06-28 11:14:51.574,365,2022-06-28 11:14:51.259
48,StartSaying,COPA,2022-06-28 11:14:51.574,2022-06-28 11:14:53.580,1027,2022-06-28 11:14:51.973
49,EndSaying,COPA,2022-06-28 11:14:53.580,2022-06-28 11:14:55.560,1014,2022-06-28 11:14:53.977
50,StartReading,PIE,2022-06-28 11:14:55.560,2022-06-28 11:14:56.271,364,2022-06-28 11:14:55.958
51,StartSaying,PIE,2022-06-28 11:14:56.271,2022-06-28 11:14:58.275,1026,2022-06-28 11:14:56.668
52,EndSaying,PIE,2022-06-28 11:14:58.275,2022-06-28 11:15:00.191,981,2022-06-28 11:14:58.673
53,StartReading,TENEDOR,2022-06-28 11:15:00.191,2022-06-28 11:15:00.902,364,2022-06-28 11:15:00.590
54,StartSaying,TENEDOR,2022-06-28 11:15:00.902,2022-06-28 11:15:02.906,1026,2022-06-28 11:15:01.300
55,EndSaying,TENEDOR,2022-06-28 11:15:02.906,2022-06-28 11:15:04.728,933,2022-06-28 11:15:03.305
56,StartReading,LEÓN,2022-06-28 11:15:04.728,2022-06-28 11:15:05.435,362,2022-06-28 11:15:05.126
57,StartSaying,LEÓN,2022-06-28 11:15:05.435,2022-06-28 11:15:07.441,1027,2022-06-28 11:15:05.835
58,EndSaying,LEÓN,2022-06-28 11:15:07.441,2022-06-28 11:15:08.998,797,2022-06-28 11:15:07.839
59,StartReading,TOMATE,2022-06-28 11:15:08.998,2022-06-28 11:15:09.712,366,2022-06-28 11:15:09.397
60,StartSaying,TOMATE,2022-06-28 11:15:09.712,2022-06-28 11:15:11.718,1027,2022-06-28 11:15:10.111
61,EndSaying,TOMATE,2022-06-28 11:15:11.718,2022-06-28 11:15:14.363,1354,2022-06-28 11:15:12.118
62,StartBlockSaying,,2022-06-28 11:15:14.363,2022-06-28 11:15:15.900,787,2022-06-28 11:15:14.762
63,StartReading,FLAUTA,2022-06-28 11:15:15.900,2022-06-28 11:15:16.615,366,2022-06-28 11:15:16.299
64,StartSaying,FLAUTA,2022-06-28 11:15:16.615,2022-06-28 11:15:18.621,1027,2022-06-28 11:15:17.013
65,EndSaying,FLAUTA,2022-06-28 11:15:18.621,2022-06-28 11:15:20.371,896,2022-06-28 11:15:19.018
66,StartReading,CABALLO,2022-06-28 11:15:20.371,2022-06-28 11:15:21.080,363,2022-06-28 11:15:20.769
67,StartSaying,CABALLO,2022-06-28 11:15:21.080,2022-06-28 11:15:23.085,1027,2022-06-28 11:15:21.479
68,EndSaying,CABALLO,2022-06-28 11:15:23.085,2022-06-28 11:15:24.861,909,2022-06-28 11:15:23.484
69,StartReading,PANTALÓN,2022-06-28 11:15:24.861,2022-06-28 11:15:25.570,363,2022-06-28 11:15:25.260
70,StartSaying,PANTALÓN,2022-06-28 11:15:25.570,2022-06-28 11:15:27.578,1028,2022-06-28 11:15:25.970
71,EndSaying,PANTALÓN,2022-06-28 11:15:27.578,2022-06-28 11:15:29.386,926,2022-06-28 11:15:27.977
72,StartReading,PIE,2022-06-28 11:15:29.386,2022-06-28 11:15:30.097,364,2022-06-28 11:15:29.787
73,StartSaying,PIE,2022-06-28 11:15:30.097,2022-06-28 11:15:32.101,1026,2022-06-28 11:15:30.497
74,EndSaying,PIE,2022-06-28 11:15:32.101,2022-06-28 11:15:34.005,975,2022-06-28 11:15:32.501
75,StartReading,ZAPATO,2022-06-28 11:15:34.005,2022-06-28 11:15:34.718,365,2022-06-28 11:15:34.405
76,StartSaying,ZAPATO,2022-06-28 11:15:34.718,2022-06-28 11:15:36.722,1026,2022-06-28 11:15:35.119
77,EndSaying,ZAPATO,2022-06-28 11:15:36.722,2022-06-28 11:15:38.296,806,2022-06-28 11:15:37.124
78,StartReading,RODILLA,2022-06-28 11:15:38.296,2022-06-28 11:15:39.009,365,2022-06-28 11:15:38.697
79,StartSaying,RODILLA,2022-06-28 11:15:39.009,2022-06-28 11:15:41.015,1027,2022-06-28 11:15:39.410
80,EndSaying,RODILLA,2022-06-28 11:15:41.015,2022-06-28 11:15:42.554,788,2022-06-28 11:15:41.415
81,StartReading,MANZANA,2022-06-28 11:15:42.554,2022-06-28 11:15:43.267,365,2022-06-28 11:15:42.955
82,StartSaying,MANZANA,2022-06-28 11:15:43.267,2022-06-28 11:15:45.271,1026,2022-06-28 11:15:43.667
83,EndSaying,MANZANA,2022-06-28 11:15:45.271,2022-06-28 11:15:46.851,809,2022-06-28 11:15:45.671
84,StartReading,JIRAFA,2022-06-28 11:15:46.851,2022-06-28 11:15:47.560,363,2022-06-28 11:15:47.253
85,StartSaying,JIRAFA,2022-06-28 11:15:47.560,2022-06-28 11:15:49.564,1026,2022-06-28 11:15:47.962
86,EndSaying,JIRAFA,2022-06-28 11:15:49.564,2022-06-28 11:15:51.443,962,2022-06-28 11:15:49.966
87,StartReading,GUITARRA,2022-06-28 11:15:51.443,2022-06-28 11:15:52.156,365,2022-06-28 11:15:51.844
88,StartSaying,GUITARRA,2022-06-28 11:15:52.156,2022-06-28 11:15:54.160,1026,2022-06-28 11:15:52.557
89,EndSaying,GUITARRA,2022-06-28 11:15:54.160,2022-06-28 11:15:56.072,979,2022-06-28 11:15:54.561
90,StartReading,OJO,2022-06-28 11:15:56.072,2022-06-28 11:15:56.785,365,2022-06-28 11:15:56.474
91,StartSaying,OJO,2022-06-28 11:15:56.785,2022-06-28 11:15:58.789,1026,2022-06-28 11:15:57.185
92,EndSaying,OJO,2022-06-28 11:15:58.789,2022-06-28 11:16:00.986,1125,2022-06-28 11:15:59.190
93,StartBlockThinking,,2022-06-28 11:16:00.986,2022-06-28 11:16:02.941,1001,2022-06-28 11:16:01.388
94,StartReading,MANO,2022-06-28 11:16:02.941,2022-06-28 11:16:03.652,364,2022-06-28 11:16:03.343
95,StartSaying,MANO,2022-06-28 11:16:03.652,2022-06-28 11:16:05.660,1028,2022-06-28 11:16:04.054
96,EndSaying,MANO,2022-06-28 11:16:05.660,2022-06-28 11:16:07.570,978,2022-06-28 11:16:06.062
97,StartReading,GATO,2022-06-28 11:16:07.570,2022-06-28 11:16:08.287,367,2022-06-28 11:16:07.972
98,StartSaying,GATO,2022-06-28 11:16:08.287,2022-06-28 11:16:10.292,1027,2022-06-28 11:16:08.689
99,EndSaying,GATO,2022-06-28 11:16:10.292,2022-06-28 11:16:12.179,966,2022-06-28 11:16:10.694
100,StartReading,CUCHILLO,2022-06-28 11:16:12.179,2022-06-28 11:16:12.890,364,2022-06-28 11:16:12.582
101,StartSaying,CUCHILLO,2022-06-28 11:16:12.890,2022-06-28 11:16:14.898,1028,2022-06-28 11:16:13.292
102,EndSaying,CUCHILLO,2022-06-28 11:16:14.898,2022-06-28 11:16:16.476,808,2022-06-28 11:16:15.299
103,StartReading,CALCETÍN,2022-06-28 11:16:16.476,2022-06-28 11:16:17.185,363,2022-06-28 11:16:16.878
104,StartSaying,CALCETÍN,2022-06-28 11:16:17.185,2022-06-28 11:16:19.189,1026,2022-06-28 11:16:17.587
105,EndSaying,CALCETÍN,2022-06-28 11:16:19.189,2022-06-28 11:16:20.841,846,2022-06-28 11:16:19.591
106,StartReading,CUCHARA,2022-06-28 11:16:20.841,2022-06-28 11:16:21.552,364,2022-06-28 11:16:21.244
107,StartSaying,CUCHARA,2022-06-28 11:16:21.552,2022-06-28 11:16:23.556,1026,2022-06-28 11:16:21.956
108,EndSaying,CUCHARA,2022-06-28 11:16:23.556,2022-06-28 11:16:25.287,886,2022-06-28 11:16:23.960
109,StartReading,PLATO,2022-06-28 11:16:25.287,2022-06-28 11:16:26.000,365,2022-06-28 11:16:25.688
110,StartSaying,PLATO,2022-06-28 11:16:26.000,2022-06-28 11:16:28.003,1026,2022-06-28 11:16:26.402
111,EndSaying,PLATO,2022-06-28 11:16:28.003,2022-06-28 11:16:29.585,810,2022-06-28 11:16:28.407
112,StartReading,VIOLÍN,2022-06-28 11:16:29.585,2022-06-28 11:16:30.298,365,2022-06-28 11:16:29.990
113,StartSaying,VIOLÍN,2022-06-28 11:16:30.298,2022-06-28 11:16:32.302,1026,2022-06-28 11:16:30.702
114,EndSaying,VIOLÍN,2022-06-28 11:16:32.302,2022-06-28 11:16:33.839,787,2022-06-28 11:16:32.707
115,StartReading,OJO,2022-06-28 11:16:33.839,2022-06-28 11:16:34.550,364,2022-06-28 11:16:34.244
116,StartSaying,OJO,2022-06-28 11:16:34.550,2022-06-28 11:16:36.554,1026,2022-06-28 11:16:34.953
117,EndSaying,OJO,2022-06-28 11:16:36.554,2022-06-28 11:16:38.468,980,2022-06-28 11:16:36.957
118,StartReading,RODILLA,2022-06-28 11:16:38.468,2022-06-28 11:16:39.177,363,2022-06-28 11:16:38.873
119,EndReading,RODILLA,2022-06-28 11:16:39.177,2022-06-28 11:16:41.181,1026,2022-06-28 11:16:39.581
120,EndSaying,RODILLA,2022-06-28 11:16:41.181,2022-06-28 11:16:42.740,798,2022-06-28 11:16:41.586
121,StartReading,SOMBRERO,2022-06-28 11:16:42.740,2022-06-28 11:16:43.449,363,2022-06-28 11:16:43.143
122,StartSaying,SOMBRERO,2022-06-28 11:16:43.449,2022-06-28 11:16:45.457,1028,2022-06-28 11:16:43.854
123,EndSaying,SOMBRERO,2022-06-28 11:16:45.457,2022-06-28 11:16:47.439,1015,2022-06-28 11:16:45.861
124,StartBlockSaying,,2022-06-28 11:16:47.439,2022-06-28 11:16:49.007,803,2022-06-28 11:16:47.845
125,StartReading,CALCETÍN,2022-06-28 11:16:49.007,2022-06-28 11:16:49.718,364,2022-06-28 11:16:49.413
126,StartSaying,CALCETÍN,2022-06-28 11:16:49.718,2022-06-28 11:16:51.724,1027,2022-06-28 11:16:50.124
127,EndSaying,CALCETÍN,2022-06-28 11:16:51.724,2022-06-28 11:16:53.339,827,2022-06-28 11:16:52.129
128,StartReading,GATO,2022-06-28 11:16:53.339,2022-06-28 11:16:54.048,363,2022-06-28 11:16:53.744
129,EndReading,GATO,2022-06-28 11:16:54.048,2022-06-28 11:16:56.054,1027,2022-06-28 11:16:54.453
130,EndSaying,GATO,2022-06-28 11:16:56.054,2022-06-28 11:16:58.021,1007,2022-06-28 11:16:56.459
131,StartReading,PLATO,2022-06-28 11:16:58.021,2022-06-28 11:16:58.730,363,2022-06-28 11:16:58.425
132,EndReading,PLATO,2022-06-28 11:16:58.730,2022-06-28 11:17:00.736,1027,2022-06-28 11:16:59.136
133,EndSaying,PLATO,2022-06-28 11:17:00.736,2022-06-28 11:17:02.451,878,2022-06-28 11:17:01.141
134,StartReading,SOMBRERO,2022-06-28 11:17:02.451,2022-06-28 11:17:03.162,364,2022-06-28 11:17:02.857
135,StartSaying,SOMBRERO,2022-06-28 11:17:03.162,2022-06-28 11:17:05.166,1026,2022-06-28 11:17:03.567
136,EndSaying,SOMBRERO,2022-06-28 11:17:05.166,2022-06-28 11:17:07.175,1029,2022-06-28 11:17:05.570
137,StartReading,LIMÓN,2022-06-28 11:17:07.175,2022-06-28 11:17:07.888,365,2022-06-28 11:17:07.580
138,StartSaying,LIMÓN,2022-06-28 11:17:07.888,2022-06-28 11:17:09.892,1026,2022-06-28 11:17:08.294
139,EndSaying,LIMÓN,2022-06-28 11:17:09.892,2022-06-28 11:17:11.519,833,2022-06-28 11:17:10.299
140,StartReading,TROMPETA,2022-06-28 11:17:11.519,2022-06-28 11:17:12.230,364,2022-06-28 11:17:11.924
141,StartSaying,TROMPETA,2022-06-28 11:17:12.230,2022-06-28 11:17:14.234,1026,2022-06-28 11:17:12.635
142,EndSaying,TROMPETA,2022-06-28 11:17:14.234,2022-06-28 11:17:15.750,776,2022-06-28 11:17:14.639
143,StartReading,CAMISETA,2022-06-28 11:17:15.750,2022-06-28 11:17:16.458,363,2022-06-28 11:17:16.155
144,StartSaying,CAMISETA,2022-06-28 11:17:16.458,2022-06-28 11:17:18.464,1027,2022-06-28 11:17:16.865
145,EndSaying,CAMISETA,2022-06-28 11:17:18.464,2022-06-28 11:17:20.062,818,2022-06-28 11:17:18.869
146,StartReading,PIANO,2022-06-28 11:17:20.062,2022-06-28 11:17:20.773,364,2022-06-28 11:17:20.467
147,StartSaying,PIANO,2022-06-28 11:17:20.773,2022-06-28 11:17:22.779,1027,2022-06-28 11:17:21.179
148,EndSaying,PIANO,2022-06-28 11:17:22.779,2022-06-28 11:17:24.736,1002,2022-06-28 11:17:23.184
149,StartReading,PERRO,2022-06-28 11:17:24.736,2022-06-28 11:17:25.449,365,2022-06-28 11:17:25.143
150,StartSaying,PERRO,2022-06-28 11:17:25.449,2022-06-28 11:17:27.451,1025,2022-06-28 11:17:25.853
151,EndSaying,PERRO,2022-06-28 11:17:27.451,2022-06-28 11:17:28.978,782,2022-06-28 11:17:27.857
152,StartReading,VIOLÍN,2022-06-28 11:17:28.978,2022-06-28 11:17:29.689,364,2022-06-28 11:17:29.384
153,EndReading,VIOLÍN,2022-06-28 11:17:29.689,2022-06-28 11:17:31.699,1029,2022-06-28 11:17:30.096
154,EndSaying,VIOLÍN,2022-06-28 11:17:31.699,2022-06-28 11:17:33.791,1071,2022-06-28 11:17:32.104
155,StartBlockThinking,,2022-06-28 11:17:33.791,2022-06-28 11:17:35.591,922,2022-06-28 11:17:34.196
156,StartReading,ZAPATO,2022-06-28 11:17:35.591,2022-06-28 11:17:36.300,363,2022-06-28 11:17:35.996
157,StartSaying,ZAPATO,2022-06-28 11:17:36.300,2022-06-28 11:17:38.306,1027,2022-06-28 11:17:36.705
158,EndSaying,ZAPATO,2022-06-28 11:17:38.306,2022-06-28 11:17:40.234,987,2022-06-28 11:17:38.712
159,StartReading,JIRAFA,2022-06-28 11:17:40.234,2022-06-28 11:17:40.943,363,2022-06-28 11:17:40.638
160,EndReading,JIRAFA,2022-06-28 11:17:40.943,2022-06-28 11:17:42.949,1027,2022-06-28 11:17:41.349
161,EndSaying,JIRAFA,2022-06-28 11:17:42.949,2022-06-28 11:17:44.753,924,2022-06-28 11:17:43.354
162,StartReading,PANTALÓN,2022-06-28 11:17:44.753,2022-06-28 11:17:45.464,364,2022-06-28 11:17:45.159
163,StartSaying,PANTALÓN,2022-06-28 11:17:45.464,2022-06-28 11:17:47.468,1026,2022-06-28 11:17:45.869
164,EndSaying,PANTALÓN,2022-06-28 11:17:47.468,2022-06-28 11:17:49.099,835,2022-06-28 11:17:47.873
165,StartReading,LIMÓN,2022-06-28 11:17:49.099,2022-06-28 11:17:49.814,366,2022-06-28 11:17:49.505
166,StartSaying,LIMÓN,2022-06-28 11:17:49.814,2022-06-28 11:17:51.818,1026,2022-06-28 11:17:50.218
167,EndSaying,LIMÓN,2022-06-28 11:17:51.818,2022-06-28 11:17:53.708,968,2022-06-28 11:17:52.223
168,StartReading,TROMPETA,2022-06-28 11:17:53.708,2022-06-28 11:17:54.421,365,2022-06-28 11:17:54.114
169,StartSaying,TROMPETA,2022-06-28 11:17:54.421,2022-06-28 11:17:56.425,1026,2022-06-28 11:17:54.827
170,EndSaying,TROMPETA,2022-06-28 11:17:56.425,2022-06-28 11:17:58.363,992,2022-06-28 11:17:56.830
171,StartReading,LECHUGA,2022-06-28 11:17:58.363,2022-06-28 11:17:59.074,364,2022-06-28 11:17:58.767
172,StartSaying,LECHUGA,2022-06-28 11:17:59.074,2022-06-28 11:18:01.080,1027,2022-06-28 11:17:59.479
173,EndSaying,LECHUGA,2022-06-28 11:18:01.080,2022-06-28 11:18:03.072,1020,2022-06-28 11:18:01.483
174,StartReading,CABALLO,2022-06-28 11:18:03.072,2022-06-28 11:18:03.783,364,2022-06-28 11:18:03.477
175,StartSaying,CABALLO,2022-06-28 11:18:03.783,2022-06-28 11:18:05.789,1027,2022-06-28 11:18:04.188
176,EndSaying,CABALLO,2022-06-28 11:18:05.789,2022-06-28 11:18:07.595,925,2022-06-28 11:18:06.193
177,StartReading,PIANO,2022-06-28 11:18:07.595,2022-06-28 11:18:08.306,364,2022-06-28 11:18:08.000
178,StartSaying,PIANO,2022-06-28 11:18:08.306,2022-06-28 11:18:10.314,1028,2022-06-28 11:18:08.710
179,EndSaying,PIANO,2022-06-28 11:18:10.314,2022-06-28 11:18:12.078,903,2022-06-28 11:18:10.717
180,StartReading,PERRO,2022-06-28 11:18:12.078,2022-06-28 11:18:12.787,363,2022-06-28 11:18:12.481
181,StartSaying,PERRO,2022-06-28 11:18:12.787,2022-06-28 11:18:14.794,1028,2022-06-28 11:18:13.192
182,EndSaying,PERRO,2022-06-28 11:18:14.794,2022-06-28 11:18:16.660,955,2022-06-28 11:18:15.199
183,StartReading,CAMISETA,2022-06-28 11:18:16.660,2022-06-28 11:18:17.371,364,2022-06-28 11:18:17.065
184,StartSaying,CAMISETA,2022-06-28 11:18:17.371,2022-06-28 11:18:19.375,1026,2022-06-28 11:18:17.775
185,EndSaying,CAMISETA,2022-06-28 11:18:19.375,2022-06-28 11:18:28.757,4804,2022-06-28 11:18:19.779
186,StartBlockSaying,,2022-06-28 11:18:28.757,2022-06-28 11:18:30.562,924,2022-06-28 11:18:29.162
187,StartReading,CAMISETA,2022-06-28 11:18:30.562,2022-06-28 11:18:31.271,363,2022-06-28 11:18:30.966
188,StartSaying,CAMISETA,2022-06-28 11:18:31.271,2022-06-28 11:18:33.279,1028,2022-06-28 11:18:31.676
189,EndSaying,CAMISETA,2022-06-28 11:18:33.279,2022-06-28 11:18:35.062,913,2022-06-28 11:18:33.682
190,StartReading,LECHUGA,2022-06-28 11:18:35.062,2022-06-28 11:18:35.773,364,2022-06-28 11:18:35.466
191,StartSaying,LECHUGA,2022-06-28 11:18:35.773,2022-06-28 11:18:37.779,1027,2022-06-28 11:18:36.177
192,EndSaying,LECHUGA,2022-06-28 11:18:37.779,2022-06-28 11:18:39.472,867,2022-06-28 11:18:38.182
193,StartReading,ZAPATO,2022-06-28 11:18:39.472,2022-06-28 11:18:40.179,362,2022-06-28 11:18:39.875
194,EndReading,ZAPATO,2022-06-28 11:18:40.179,2022-06-28 11:18:42.187,1028,2022-06-28 11:18:40.584
195,EndSaying,ZAPATO,2022-06-28 11:18:42.187,2022-06-28 11:18:43.703,776,2022-06-28 11:18:42.591
196,StartReading,PIE,2022-06-28 11:18:43.703,2022-06-28 11:18:44.410,362,2022-06-28 11:18:44.105
197,EndReading,PIE,2022-06-28 11:18:44.410,2022-06-28 11:18:46.416,1027,2022-06-28 11:18:44.814
198,EndSaying,PIE,2022-06-28 11:18:46.416,2022-06-28 11:18:48.003,813,2022-06-28 11:18:46.819
199,StartReading,CABALLO,2022-06-28 11:18:48.003,2022-06-28 11:18:48.714,364,2022-06-28 11:18:48.407
200,StartSaying,CABALLO,2022-06-28 11:18:48.714,2022-06-28 11:18:50.720,1027,2022-06-28 11:18:49.118
201,EndSaying,CABALLO,2022-06-28 11:18:50.720,2022-06-28 11:18:52.294,806,2022-06-28 11:18:51.123
202,StartReading,COPA,2022-06-28 11:18:52.294,2022-06-28 11:18:53.009,366,2022-06-28 11:18:52.699
203,StartSaying,COPA,2022-06-28 11:18:53.009,2022-06-28 11:18:55.013,1026,2022-06-28 11:18:53.412
204,EndSaying,COPA,2022-06-28 11:18:55.013,2022-06-28 11:18:56.908,970,2022-06-28 11:18:55.417
205,StartReading,CUCHARA,2022-06-28 11:18:56.908,2022-06-28 11:18:57.619,364,2022-06-28 11:18:57.311
206,StartSaying,CUCHARA,2022-06-28 11:18:57.619,2022-06-28 11:18:59.625,1027,2022-06-28 11:18:58.022
207,EndSaying,CUCHARA,2022-06-28 11:18:59.625,2022-06-28 11:19:01.373,895,2022-06-28 11:19:00.028
208,StartReading,CALCETÍN,2022-06-28 11:19:01.373,2022-06-28 11:19:02.085,365,2022-06-28 11:19:01.775
209,StartSaying,CALCETÍN,2022-06-28 11:19:02.085,2022-06-28 11:19:04.089,1026,2022-06-28 11:19:02.488
210,EndSaying,CALCETÍN,2022-06-28 11:19:04.089,2022-06-28 11:19:05.769,860,2022-06-28 11:19:04.494
211,StartReading,CUCHILLO,2022-06-28 11:19:05.769,2022-06-28 11:19:06.478,363,2022-06-28 11:19:06.172
212,StartSaying,CUCHILLO,2022-06-28 11:19:06.478,2022-06-28 11:19:08.482,1026,2022-06-28 11:19:06.881
213,EndSaying,CUCHILLO,2022-06-28 11:19:08.482,2022-06-28 11:19:10.433,999,2022-06-28 11:19:08.885
214,StartReading,PERRO,2022-06-28 11:19:10.433,2022-06-28 11:19:11.144,364,2022-06-28 11:19:10.837
215,StartSaying,PERRO,2022-06-28 11:19:11.144,2022-06-28 11:19:13.148,1026,2022-06-28 11:19:11.547
216,EndSaying,PERRO,2022-06-28 11:19:13.148,2022-06-28 11:19:17.568,2263,2022-06-28 11:19:13.551
217,StartBlockThinking,,2022-06-28 11:19:17.568,2022-06-28 11:19:19.117,793,2022-06-28 11:19:17.971
218,StartReading,ZAPATO,2022-06-28 11:19:19.117,2022-06-28 11:19:19.824,362,2022-06-28 11:19:19.519
219,StartSaying,ZAPATO,2022-06-28 11:19:19.824,2022-06-28 11:19:21.833,1029,2022-06-28 11:19:20.228
220,EndSaying,ZAPATO,2022-06-28 11:19:21.833,2022-06-28 11:19:23.615,912,2022-06-28 11:19:22.236
221,StartReading,CAMISETA,2022-06-28 11:19:23.615,2022-06-28 11:19:24.324,363,2022-06-28 11:19:24.017
222,StartSaying,CAMISETA,2022-06-28 11:19:24.324,2022-06-28 11:19:26.332,1028,2022-06-28 11:19:24.727
223,EndSaying,CAMISETA,2022-06-28 11:19:26.332,2022-06-28 11:19:28.060,885,2022-06-28 11:19:26.734
224,StartReading,TOMATE,2022-06-28 11:19:28.060,2022-06-28 11:19:28.769,363,2022-06-28 11:19:28.462
225,EndReading,TOMATE,2022-06-28 11:19:28.769,2022-06-28 11:19:30.779,1029,2022-06-28 11:19:29.173
226,EndSaying,TOMATE,2022-06-28 11:19:30.779,2022-06-28 11:19:32.396,828,2022-06-28 11:19:31.181
227,StartReading,SOMBRERO,2022-06-28 11:19:32.396,2022-06-28 11:19:33.107,364,2022-06-28 11:19:32.799
228,StartSaying,SOMBRERO,2022-06-28 11:19:33.107,2022-06-28 11:19:35.111,1026,2022-06-28 11:19:33.510
229,EndSaying,SOMBRERO,2022-06-28 11:19:35.111,2022-06-28 11:19:37.117,1027,2022-06-28 11:19:35.514
230,StartReading,LEÓN,2022-06-28 11:19:37.117,2022-06-28 11:19:37.828,364,2022-06-28 11:19:37.519
231,StartSaying,LEÓN,2022-06-28 11:19:37.828,2022-06-28 11:19:39.835,1028,2022-06-28 11:19:38.230
232,EndSaying,LEÓN,2022-06-28 11:19:39.835,2022-06-28 11:19:41.845,1029,2022-06-28 11:19:40.238
233,StartReading,GUITARRA,2022-06-28 11:19:41.845,2022-06-28 11:19:42.556,364,2022-06-28 11:19:42.248
234,StartSaying,GUITARRA,2022-06-28 11:19:42.556,2022-06-28 11:19:44.564,1028,2022-06-28 11:19:42.958
235,EndSaying,GUITARRA,2022-06-28 11:19:44.564,2022-06-28 11:19:46.244,860,2022-06-28 11:19:44.965
236,StartReading,CUCHARA,2022-06-28 11:19:46.244,2022-06-28 11:19:46.953,363,2022-06-28 11:19:46.647
237,StartSaying,CUCHARA,2022-06-28 11:19:46.953,2022-06-28 11:19:48.960,1028,2022-06-28 11:19:47.356
238,EndSaying,CUCHARA,2022-06-28 11:19:48.960,2022-06-28 11:19:50.488,782,2022-06-28 11:19:49.364
239,StartReading,TROMPETA,2022-06-28 11:19:50.488,2022-06-28 11:19:51.203,366,2022-06-28 11:19:50.892
240,StartSaying,TROMPETA,2022-06-28 11:19:51.203,2022-06-28 11:19:53.208,1027,2022-06-28 11:19:51.606
241,EndSaying,TROMPETA,2022-06-28 11:19:53.208,2022-06-28 11:19:55.125,981,2022-06-28 11:19:53.610
242,StartReading,OJO,2022-06-28 11:19:55.125,2022-06-28 11:19:55.833,363,2022-06-28 11:19:55.527
243,EndReading,OJO,2022-06-28 11:19:55.833,2022-06-28 11:19:57.839,1027,2022-06-28 11:19:56.237
244,EndSaying,OJO,2022-06-28 11:19:57.839,2022-06-28 11:19:59.687,946,2022-06-28 11:19:58.242
245,StartReading,LECHUGA,2022-06-28 11:19:59.687,2022-06-28 11:20:00.396,363,2022-06-28 11:20:00.090
246,StartSaying,LECHUGA,2022-06-28 11:20:00.396,2022-06-28 11:20:02.400,1026,2022-06-28 11:20:00.799
247,EndSaying,LECHUGA,2022-06-28 11:20:02.400,2022-06-28 11:29:01.355,275945,2022-06-28 11:20:02.803
248,StartBlockSaying,,2022-06-28 11:29:01.357,2022-06-28 11:29:03.060,872,2022-06-28 11:29:01.764
249,StartReading,MANZANA,2022-06-28 11:29:03.060,2022-06-28 11:29:03.771,364,2022-06-28 11:29:03.469
250,StartSaying,MANZANA,2022-06-28 11:29:03.771,2022-06-28 11:29:05.779,1028,2022-06-28 11:29:04.180
251,EndSaying,MANZANA,2022-06-28 11:29:05.779,2022-06-28 11:29:07.296,777,2022-06-28 11:29:06.188
252,StartReading,OREJA,2022-06-28 11:29:07.296,2022-06-28 11:29:08.007,364,2022-06-28 11:29:07.706
253,StartSaying,OREJA,2022-06-28 11:29:08.007,2022-06-28 11:29:10.013,1027,2022-06-28 11:29:08.416
254,EndSaying,OREJA,2022-06-28 11:29:10.013,2022-06-28 11:29:11.867,949,2022-06-28 11:29:10.421
255,StartReading,NARANJA,2022-06-28 11:29:11.867,2022-06-28 11:29:12.576,363,2022-06-28 11:29:12.276
256,StartSaying,NARANJA,2022-06-28 11:29:12.576,2022-06-28 11:29:14.580,1026,2022-06-28 11:29:12.985
257,EndSaying,NARANJA,2022-06-28 11:29:14.580,2022-06-28 11:29:16.544,1006,2022-06-28 11:29:14.989
258,StartReading,MANO,2022-06-28 11:29:16.544,2022-06-28 11:29:17.253,363,2022-06-28 11:29:16.953
259,StartSaying,MANO,2022-06-28 11:29:17.253,2022-06-28 11:29:19.257,1026,2022-06-28 11:29:17.664
260,EndSaying,MANO,2022-06-28 11:29:19.257,2022-06-28 11:29:20.861,821,2022-06-28 11:29:19.668
261,StartReading,TOMATE,2022-06-28 11:29:20.861,2022-06-28 11:29:21.568,362,2022-06-28 11:29:21.269
262,StartSaying,TOMATE,2022-06-28 11:29:21.568,2022-06-28 11:29:23.574,1027,2022-06-28 11:29:21.978
263,EndSaying,TOMATE,2022-06-28 11:29:23.574,2022-06-28 11:29:25.107,785,2022-06-28 11:29:23.982
264,StartReading,JIRAFA,2022-06-28 11:29:25.107,2022-06-28 11:29:25.818,364,2022-06-28 11:29:25.516
265,StartSaying,JIRAFA,2022-06-28 11:29:25.818,2022-06-28 11:29:27.826,1028,2022-06-28 11:29:26.227
266,EndSaying,JIRAFA,2022-06-28 11:29:27.826,2022-06-28 11:29:29.824,1023,2022-06-28 11:29:28.234
267,StartReading,PLATO,2022-06-28 11:29:29.824,2022-06-28 11:29:30.533,363,2022-06-28 11:29:30.233
268,StartSaying,PLATO,2022-06-28 11:29:30.533,2022-06-28 11:29:32.539,1027,2022-06-28 11:29:30.942
269,EndSaying,PLATO,2022-06-28 11:29:32.539,2022-06-28 11:29:34.339,922,2022-06-28 11:29:32.949
270,StartReading,FLAUTA,2022-06-28 11:29:34.339,2022-06-28 11:29:35.048,363,2022-06-28 11:29:34.749
271,StartSaying,FLAUTA,2022-06-28 11:29:35.048,2022-06-28 11:29:37.056,1028,2022-06-28 11:29:35.458
272,EndSaying,FLAUTA,2022-06-28 11:29:37.056,2022-06-28 11:29:38.837,912,2022-06-28 11:29:37.465
273,StartReading,PIANO,2022-06-28 11:29:38.837,2022-06-28 11:29:39.550,365,2022-06-28 11:29:39.246
274,StartSaying,PIANO,2022-06-28 11:29:39.550,2022-06-28 11:29:41.552,1025,2022-06-28 11:29:39.959
275,EndSaying,PIANO,2022-06-28 11:29:41.552,2022-06-28 11:29:43.175,831,2022-06-28 11:29:41.963
276,StartReading,LIMÓN,2022-06-28 11:29:43.175,2022-06-28 11:29:43.882,362,2022-06-28 11:29:43.584
277,StartSaying,LIMÓN,2022-06-28 11:29:43.882,2022-06-28 11:29:45.888,1027,2022-06-28 11:29:44.292
278,EndSaying,LIMÓN,2022-06-28 11:29:45.888,2022-06-28 11:29:47.548,850,2022-06-28 11:29:46.297
279,StartBlockThinking,,2022-06-28 11:29:47.548,2022-06-28 11:29:49.365,930,2022-06-28 11:29:47.958
280,StartReading,CABALLO,2022-06-28 11:29:49.365,2022-06-28 11:29:50.072,362,2022-06-28 11:29:49.773
281,EndReading,CABALLO,2022-06-28 11:29:50.072,2022-06-28 11:29:52.078,1027,2022-06-28 11:29:50.483
282,EndSaying,CABALLO,2022-06-28 11:29:52.078,2022-06-28 11:29:53.621,790,2022-06-28 11:29:52.488
283,StartReading,FLAUTA,2022-06-28 11:29:53.621,2022-06-28 11:29:54.330,363,2022-06-28 11:29:54.031
284,StartSaying,FLAUTA,2022-06-28 11:29:54.330,2022-06-28 11:29:56.337,1028,2022-06-28 11:29:54.741
285,EndSaying,FLAUTA,2022-06-28 11:29:56.337,2022-06-28 11:29:58.111,908,2022-06-28 11:29:56.748
286,StartReading,PANTALÓN,2022-06-28 11:29:58.111,2022-06-28 11:29:58.822,364,2022-06-28 11:29:58.520
287,StartSaying,PANTALÓN,2022-06-28 11:29:58.822,2022-06-28 11:30:00.830,1028,2022-06-28 11:29:59.233
288,EndSaying,PANTALÓN,2022-06-28 11:30:00.830,2022-06-28 11:30:02.814,1016,2022-06-28 11:30:01.241
289,StartReading,RODILLA,2022-06-28 11:30:02.814,2022-06-28 11:30:03.523,363,2022-06-28 11:30:03.225
290,StartSaying,RODILLA,2022-06-28 11:30:03.523,2022-06-28 11:30:05.529,1027,2022-06-28 11:30:03.934
291,EndSaying,RODILLA,2022-06-28 11:30:05.529,2022-06-28 11:30:07.507,1013,2022-06-28 11:30:05.938
292,StartReading,PERRO,2022-06-28 11:30:07.507,2022-06-28 11:30:08.216,363,2022-06-28 11:30:07.918
293,StartSaying,PERRO,2022-06-28 11:30:08.216,2022-06-28 11:30:10.222,1027,2022-06-28 11:30:08.627
294,EndSaying,PERRO,2022-06-28 11:30:10.222,2022-06-28 11:30:11.902,860,2022-06-28 11:30:10.634
295,StartReading,MANO,2022-06-28 11:30:11.902,2022-06-28 11:30:12.611,363,2022-06-28 11:30:12.313
296,StartSaying,MANO,2022-06-28 11:30:12.611,2022-06-28 11:30:14.621,1029,2022-06-28 11:30:13.023
297,EndSaying,MANO,2022-06-28 11:30:14.621,2022-06-28 11:30:16.548,987,2022-06-28 11:30:15.030
298,StartReading,COPA,2022-06-28 11:30:16.548,2022-06-28 11:30:17.257,363,2022-06-28 11:30:16.959
299,EndReading,COPA,2022-06-28 11:30:17.257,2022-06-28 11:30:19.265,1028,2022-06-28 11:30:17.669
300,EndSaying,COPA,2022-06-28 11:30:19.265,2022-06-28 11:30:20.919,847,2022-06-28 11:30:19.676
301,StartReading,TENEDOR,2022-06-28 11:30:20.919,2022-06-28 11:30:21.628,363,2022-06-28 11:30:21.330
302,EndReading,TENEDOR,2022-06-28 11:30:21.628,2022-06-28 11:30:23.634,1027,2022-06-28 11:30:22.040
303,EndSaying,TENEDOR,2022-06-28 11:30:23.634,2022-06-28 11:30:25.154,778,2022-06-28 11:30:24.046
304,StartReading,CALCETÍN,2022-06-28 11:30:25.154,2022-06-28 11:30:25.865,364,2022-06-28 11:30:25.566
305,StartSaying,CALCETÍN,2022-06-28 11:30:25.865,2022-06-28 11:30:27.873,1028,2022-06-28 11:30:26.276
306,EndSaying,CALCETÍN,2022-06-28 11:30:27.873,2022-06-28 11:30:29.843,1009,2022-06-28 11:30:28.284
307,StartReading,PLATO,2022-06-28 11:30:29.843,2022-06-28 11:30:30.550,362,2022-06-28 11:30:30.253
308,StartSaying,PLATO,2022-06-28 11:30:30.550,2022-06-28 11:30:32.554,1026,2022-06-28 11:30:30.962
309,EndSaying,PLATO,2022-06-28 11:30:32.554,2022-06-28 11:30:34.279,883,2022-06-28 11:30:32.966
310,StartBlockSaying,,2022-06-28 11:30:34.279,2022-06-28 11:30:36.195,981,2022-06-28 11:30:34.689
311,StartReading,VIOLÍN,2022-06-28 11:30:36.195,2022-06-28 11:30:36.908,365,2022-06-28 11:30:36.605
312,StartSaying,VIOLÍN,2022-06-28 11:30:36.908,2022-06-28 11:30:38.916,1028,2022-06-28 11:30:37.318
313,EndSaying,VIOLÍN,2022-06-28 11:30:38.916,2022-06-28 11:30:40.667,897,2022-06-28 11:30:39.326
314,StartReading,GUITARRA,2022-06-28 11:30:40.667,2022-06-28 11:30:41.376,363,2022-06-28 11:30:41.078
315,StartSaying,GUITARRA,2022-06-28 11:30:41.376,2022-06-28 11:30:43.380,1026,2022-06-28 11:30:41.788
316,EndSaying,GUITARRA,2022-06-28 11:30:43.380,2022-06-28 11:30:45.082,871,2022-06-28 11:30:43.792
317,StartReading,RODILLA,2022-06-28 11:30:45.082,2022-06-28 11:30:45.791,363,2022-06-28 11:30:45.493
318,StartSaying,RODILLA,2022-06-28 11:30:45.791,2022-06-28 11:30:47.794,1026,2022-06-28 11:30:46.202
319,EndSaying,RODILLA,2022-06-28 11:30:47.794,2022-06-28 11:30:49.312,777,2022-06-28 11:30:48.207
320,StartReading,TENEDOR,2022-06-28 11:30:49.312,2022-06-28 11:30:50.023,364,2022-06-28 11:30:49.723
321,StartSaying,TENEDOR,2022-06-28 11:30:50.023,2022-06-28 11:30:52.029,1027,2022-06-28 11:30:50.435
322,EndSaying,TENEDOR,2022-06-28 11:30:52.029,2022-06-28 11:30:53.582,795,2022-06-28 11:30:52.440
323,StartReading,LEÓN,2022-06-28 11:30:53.582,2022-06-28 11:30:54.292,364,2022-06-28 11:30:53.993
324,StartSaying,LEÓN,2022-06-28 11:30:54.292,2022-06-28 11:30:56.298,1027,2022-06-28 11:30:54.703
325,EndSaying,LEÓN,2022-06-28 11:30:56.298,2022-06-28 11:30:57.964,853,2022-06-28 11:30:56.710
326,StartReading,OJO,2022-06-28 11:30:57.964,2022-06-28 11:30:58.675,364,2022-06-28 11:30:58.376
327,EndReading,OJO,2022-06-28 11:30:58.675,2022-06-28 11:31:00.681,1027,2022-06-28 11:30:59.088
328,EndSaying,OJO,2022-06-28 11:31:00.681,2022-06-28 11:31:02.371,865,2022-06-28 11:31:01.093
329,StartReading,PANTALÓN,2022-06-28 11:31:02.371,2022-06-28 11:31:03.082,364,2022-06-28 11:31:02.783
330,StartSaying,PANTALÓN,2022-06-28 11:31:03.082,2022-06-28 11:31:05.087,1027,2022-06-28 11:31:03.493
331,EndSaying,PANTALÓN,2022-06-28 11:31:05.087,2022-06-28 11:31:07.015,987,2022-06-28 11:31:05.500
332,StartReading,TROMPETA,2022-06-28 11:31:07.015,2022-06-28 11:31:07.728,365,2022-06-28 11:31:07.428
333,StartSaying,TROMPETA,2022-06-28 11:31:07.728,2022-06-28 11:31:09.736,1028,2022-06-28 11:31:08.139
334,EndSaying,TROMPETA,2022-06-28 11:31:09.736,2022-06-28 11:31:11.273,787,2022-06-28 11:31:10.147
335,StartReading,GATO,2022-06-28 11:31:11.273,2022-06-28 11:31:11.986,365,2022-06-28 11:31:11.685
336,EndReading,GATO,2022-06-28 11:31:11.986,2022-06-28 11:31:13.992,1027,2022-06-28 11:31:12.399
337,EndSaying,GATO,2022-06-28 11:31:13.992,2022-06-28 11:31:15.941,998,2022-06-28 11:31:14.404
338,StartReading,SOMBRERO,2022-06-28 11:31:15.941,2022-06-28 11:31:16.658,367,2022-06-28 11:31:16.354
339,StartSaying,SOMBRERO,2022-06-28 11:31:16.658,2022-06-28 11:31:18.666,1028,2022-06-28 11:31:17.071
340,EndSaying,SOMBRERO,2022-06-28 11:31:18.666,2022-06-28 11:31:24.523,2999,2022-06-28 11:31:19.078
341,StartBlockThinking,,2022-06-28 11:31:24.523,2022-06-28 11:31:26.421,972,2022-06-28 11:31:24.936
342,StartReading,NARANJA,2022-06-28 11:31:26.421,2022-06-28 11:31:27.130,363,2022-06-28 11:31:26.834
343,StartSaying,NARANJA,2022-06-28 11:31:27.130,2022-06-28 11:31:29.138,1028,2022-06-28 11:31:27.543
344,EndSaying,NARANJA,2022-06-28 11:31:29.138,2022-06-28 11:31:30.884,894,2022-06-28 11:31:29.550
345,StartReading,GATO,2022-06-28 11:31:30.884,2022-06-28 11:31:31.595,364,2022-06-28 11:31:31.297
346,StartSaying,GATO,2022-06-28 11:31:31.595,2022-06-28 11:31:33.603,1028,2022-06-28 11:31:32.008
347,EndSaying,GATO,2022-06-28 11:31:33.603,2022-06-28 11:31:35.123,778,2022-06-28 11:31:34.016
348,StartReading,PIE,2022-06-28 11:31:35.123,2022-06-28 11:31:35.833,364,2022-06-28 11:31:35.536
349,StartSaying,PIE,2022-06-28 11:31:35.833,2022-06-28 11:31:37.837,1026,2022-06-28 11:31:36.246
350,EndSaying,PIE,2022-06-28 11:31:37.837,2022-06-28 11:31:39.748,978,2022-06-28 11:31:38.251
351,StartReading,CUCHILLO,2022-06-28 11:31:39.748,2022-06-28 11:31:40.457,363,2022-06-28 11:31:40.160
352,StartSaying,CUCHILLO,2022-06-28 11:31:40.457,2022-06-28 11:31:42.460,1026,2022-06-28 11:31:40.869
353,EndSaying,CUCHILLO,2022-06-28 11:31:42.460,2022-06-28 11:31:44.171,876,2022-06-28 11:31:42.874
354,StartReading,MANZANA,2022-06-28 11:31:44.171,2022-06-28 11:31:44.880,363,2022-06-28 11:31:44.584
355,StartSaying,MANZANA,2022-06-28 11:31:44.880,2022-06-28 11:31:46.888,1028,2022-06-28 11:31:45.293
356,EndSaying,MANZANA,2022-06-28 11:31:46.888,2022-06-28 11:31:48.603,878,2022-06-28 11:31:47.301
357,StartReading,PIANO,2022-06-28 11:31:48.603,2022-06-28 11:31:49.314,364,2022-06-28 11:31:49.016
358,StartSaying,PIANO,2022-06-28 11:31:49.314,2022-06-28 11:31:51.318,1026,2022-06-28 11:31:49.727
359,EndSaying,PIANO,2022-06-28 11:31:51.318,2022-06-28 11:31:52.869,794,2022-06-28 11:31:51.731
360,StartReading,VIOLÍN,2022-06-28 11:31:52.869,2022-06-28 11:31:53.578,363,2022-06-28 11:31:53.282
361,StartSaying,VIOLÍN,2022-06-28 11:31:53.578,2022-06-28 11:31:55.582,1026,2022-06-28 11:31:53.991
362,EndSaying,VIOLÍN,2022-06-28 11:31:55.582,2022-06-28 11:31:57.099,777,2022-06-28 11:31:55.995
363,StartReading,LIMÓN,2022-06-28 11:31:57.099,2022-06-28 11:31:57.814,366,2022-06-28 11:31:57.513
364,StartSaying,LIMÓN,2022-06-28 11:31:57.814,2022-06-28 11:31:59.818,1026,2022-06-28 11:31:58.226
365,EndSaying,LIMÓN,2022-06-28 11:31:59.818,2022-06-28 11:32:01.699,963,2022-06-28 11:32:00.232
366,StartReading,OREJA,2022-06-28 11:32:01.699,2022-06-28 11:32:02.410,364,2022-06-28 11:32:02.112
367,StartSaying,OREJA,2022-06-28 11:32:02.410,2022-06-28 11:32:04.414,1026,2022-06-28 11:32:02.823
368,EndSaying,OREJA,2022-06-28 11:32:04.414,2022-06-28 11:32:06.175,902,2022-06-28 11:32:04.827
369,StartReading,JIRAFA,2022-06-28 11:32:06.175,2022-06-28 11:32:06.884,363,2022-06-28 11:32:06.589
370,StartSaying,JIRAFA,2022-06-28 11:32:06.884,2022-06-28 11:32:08.890,1027,2022-06-28 11:32:07.298
371,EndSaying,JIRAFA,2022-06-28 11:32:08.890,2022-06-28 11:32:10.796,976,2022-06-28 11:32:09.304
372,StartBlockSaying,,2022-06-28 11:32:10.796,2022-06-28 11:32:12.728,989,2022-06-28 11:32:11.211
373,StartReading,PLATO,2022-06-28 11:32:12.728,2022-06-28 11:32:13.443,366,2022-06-28 11:32:13.141
374,StartSaying,PLATO,2022-06-28 11:32:13.443,2022-06-28 11:32:15.447,1026,2022-06-28 11:32:13.857
375,EndSaying,PLATO,2022-06-28 11:32:15.447,2022-06-28 11:32:17.029,810,2022-06-28 11:32:15.861
376,StartReading,LECHUGA,2022-06-28 11:32:17.029,2022-06-28 11:32:17.742,365,2022-06-28 11:32:17.442
377,StartSaying,LECHUGA,2022-06-28 11:32:17.742,2022-06-28 11:32:19.746,1026,2022-06-28 11:32:18.155
378,EndSaying,LECHUGA,2022-06-28 11:32:19.746,2022-06-28 11:32:21.519,908,2022-06-28 11:32:20.160
379,StartReading,TROMPETA,2022-06-28 11:32:21.519,2022-06-28 11:32:22.228,363,2022-06-28 11:32:21.933
380,StartSaying,TROMPETA,2022-06-28 11:32:22.228,2022-06-28 11:32:24.234,1027,2022-06-28 11:32:22.642
381,EndSaying,TROMPETA,2022-06-28 11:32:24.234,2022-06-28 11:32:25.937,872,2022-06-28 11:32:24.649
382,StartReading,MANZANA,2022-06-28 11:32:25.937,2022-06-28 11:32:26.652,366,2022-06-28 11:32:26.352
383,StartSaying,MANZANA,2022-06-28 11:32:26.652,2022-06-28 11:32:28.656,1026,2022-06-28 11:32:27.066
384,EndSaying,MANZANA,2022-06-28 11:32:28.656,2022-06-28 11:32:30.429,908,2022-06-28 11:32:29.071
385,StartReading,RODILLA,2022-06-28 11:32:30.429,2022-06-28 11:32:31.138,363,2022-06-28 11:32:30.845
386,EndReading,RODILLA,2022-06-28 11:32:31.138,2022-06-28 11:32:33.146,1028,2022-06-28 11:32:31.553
387,EndSaying,RODILLA,2022-06-28 11:32:33.146,2022-06-28 11:32:34.845,870,2022-06-28 11:32:33.561
388,StartReading,CALCETÍN,2022-06-28 11:32:34.845,2022-06-28 11:32:35.554,363,2022-06-28 11:32:35.260
389,StartSaying,CALCETÍN,2022-06-28 11:32:35.554,2022-06-28 11:32:37.560,1027,2022-06-28 11:32:35.969
390,EndSaying,CALCETÍN,2022-06-28 11:32:37.560,2022-06-28 11:32:39.443,964,2022-06-28 11:32:37.976
391,StartReading,MANO,2022-06-28 11:32:39.443,2022-06-28 11:32:40.152,363,2022-06-28 11:32:39.857
392,StartSaying,MANO,2022-06-28 11:32:40.152,2022-06-28 11:32:42.158,1027,2022-06-28 11:32:40.567
393,EndSaying,MANO,2022-06-28 11:32:42.158,2022-06-28 11:32:43.867,875,2022-06-28 11:32:42.572
394,StartReading,NARANJA,2022-06-28 11:32:43.867,2022-06-28 11:32:44.576,363,2022-06-28 11:32:44.282
395,StartSaying,NARANJA,2022-06-28 11:32:44.576,2022-06-28 11:32:46.583,1028,2022-06-28 11:32:44.992
396,EndSaying,NARANJA,2022-06-28 11:32:46.583,2022-06-28 11:32:48.494,978,2022-06-28 11:32:46.998
397,StartReading,CABALLO,2022-06-28 11:32:48.494,2022-06-28 11:32:49.203,363,2022-06-28 11:32:48.908
398,StartSaying,CABALLO,2022-06-28 11:32:49.203,2022-06-28 11:32:51.207,1026,2022-06-28 11:32:49.618
399,EndSaying,CABALLO,2022-06-28 11:32:51.207,2022-06-28 11:32:52.835,834,2022-06-28 11:32:51.622
400,StartReading,PIE,2022-06-28 11:32:52.835,2022-06-28 11:32:53.548,365,2022-06-28 11:32:53.251
401,StartSaying,PIE,2022-06-28 11:32:53.548,2022-06-28 11:32:55.552,1026,2022-06-28 11:32:53.964
402,EndSaying,PIE,2022-06-28 11:32:55.552,2022-06-28 11:32:57.181,834,2022-06-28 11:32:55.968
403,StartBlockThinking,,2022-06-28 11:32:57.181,2022-06-28 11:32:58.714,785,2022-06-28 11:32:57.596
404,StartReading,GUITARRA,2022-06-28 11:32:58.714,2022-06-28 11:32:59.421,362,2022-06-28 11:32:59.129
405,EndReading,GUITARRA,2022-06-28 11:32:59.421,2022-06-28 11:33:01.427,1027,2022-06-28 11:32:59.838
406,EndSaying,GUITARRA,2022-06-28 11:33:01.427,2022-06-28 11:33:03.166,890,2022-06-28 11:33:01.842
407,StartReading,MANZANA,2022-06-28 11:33:03.166,2022-06-28 11:33:03.875,363,2022-06-28 11:33:03.581
408,StartSaying,MANZANA,2022-06-28 11:33:03.875,2022-06-28 11:33:05.880,1027,2022-06-28 11:33:04.291
409,EndSaying,MANZANA,2022-06-28 11:33:05.880,2022-06-28 11:33:07.701,932,2022-06-28 11:33:06.298
410,StartReading,CALCETÍN,2022-06-28 11:33:07.701,2022-06-28 11:33:08.408,362,2022-06-28 11:33:08.115
411,StartSaying,CALCETÍN,2022-06-28 11:33:08.408,2022-06-28 11:33:10.416,1028,2022-06-28 11:33:08.825
412,EndSaying,CALCETÍN,2022-06-28 11:33:10.416,2022-06-28 11:33:12.308,969,2022-06-28 11:33:10.831
413,StartReading,CAMISETA,2022-06-28 11:33:12.308,2022-06-28 11:33:13.019,364,2022-06-28 11:33:12.725
414,StartSaying,CAMISETA,2022-06-28 11:33:13.019,2022-06-28 11:33:15.027,1028,2022-06-28 11:33:13.435
415,EndSaying,CAMISETA,2022-06-28 11:33:15.027,2022-06-28 11:33:16.697,855,2022-06-28 11:33:15.443
416,StartReading,CUCHILLO,2022-06-28 11:33:16.697,2022-06-28 11:33:17.408,364,2022-06-28 11:33:17.113
417,StartSaying,CUCHILLO,2022-06-28 11:33:17.408,2022-06-28 11:33:19.410,1025,2022-06-28 11:33:17.823
418,EndSaying,CUCHILLO,2022-06-28 11:33:19.410,2022-06-28 11:33:21.134,883,2022-06-28 11:33:19.827
419,StartReading,OREJA,2022-06-28 11:33:21.134,2022-06-28 11:33:21.843,363,2022-06-28 11:33:21.549
420,StartSaying,OREJA,2022-06-28 11:33:21.843,2022-06-28 11:33:23.851,1028,2022-06-28 11:33:22.259
421,EndSaying,OREJA,2022-06-28 11:33:23.851,2022-06-28 11:33:25.472,830,2022-06-28 11:33:24.267
422,StartReading,PIE,2022-06-28 11:33:25.472,2022-06-28 11:33:26.181,363,2022-06-28 11:33:25.887
423,StartSaying,PIE,2022-06-28 11:33:26.181,2022-06-28 11:33:28.185,1026,2022-06-28 11:33:26.597
424,EndSaying,PIE,2022-06-28 11:33:28.185,2022-06-28 11:33:29.970,914,2022-06-28 11:33:28.601
425,StartReading,PANTALÓN,2022-06-28 11:33:29.970,2022-06-28 11:33:30.679,363,2022-06-28 11:33:30.386
426,StartSaying,PANTALÓN,2022-06-28 11:33:30.679,2022-06-28 11:33:32.685,1027,2022-06-28 11:33:31.096
427,EndSaying,PANTALÓN,2022-06-28 11:33:32.685,2022-06-28 11:33:34.441,899,2022-06-28 11:33:33.102
428,StartReading,OJO,2022-06-28 11:33:34.441,2022-06-28 11:33:35.150,363,2022-06-28 11:33:34.857
429,EndReading,OJO,2022-06-28 11:33:35.150,2022-06-28 11:33:37.158,1028,2022-06-28 11:33:35.568
430,EndSaying,OJO,2022-06-28 11:33:37.158,2022-06-28 11:33:39.142,1016,2022-06-28 11:33:37.575
431,StartReading,RODILLA,2022-06-28 11:33:39.142,2022-06-28 11:33:39.851,363,2022-06-28 11:33:39.558
432,StartSaying,RODILLA,2022-06-28 11:33:39.851,2022-06-28 11:33:41.857,1027,2022-06-28 11:33:40.269
433,EndSaying,RODILLA,2022-06-28 11:33:41.857,2022-06-28 11:33:43.585,885,2022-06-28 11:33:42.274
434,StartBlockSaying,,2022-06-28 11:33:43.585,2022-06-28 11:33:45.330,893,2022-06-28 11:33:44.002
435,StartReading,TOMATE,2022-06-28 11:33:45.330,2022-06-28 11:33:46.042,365,2022-06-28 11:33:45.747
436,StartSaying,TOMATE,2022-06-28 11:33:46.042,2022-06-28 11:33:48.050,1028,2022-06-28 11:33:46.459
437,EndSaying,TOMATE,2022-06-28 11:33:48.050,2022-06-28 11:33:49.832,912,2022-06-28 11:33:48.466
438,StartReading,TENEDOR,2022-06-28 11:33:49.832,2022-06-28 11:33:50.539,362,2022-06-28 11:33:50.248
439,EndReading,TENEDOR,2022-06-28 11:33:50.539,2022-06-28 11:33:52.544,1027,2022-06-28 11:33:50.957
440,EndSaying,TENEDOR,2022-06-28 11:33:52.544,2022-06-28 11:33:54.546,1025,2022-06-28 11:33:52.962
441,StartReading,FLAUTA,2022-06-28 11:33:54.546,2022-06-28 11:33:55.253,362,2022-06-28 11:33:54.963
442,EndReading,FLAUTA,2022-06-28 11:33:55.253,2022-06-28 11:33:57.259,1027,2022-06-28 11:33:55.672
443,EndSaying,FLAUTA,2022-06-28 11:33:57.259,2022-06-28 11:33:59.244,1016,2022-06-28 11:33:57.676
444,StartReading,LEÓN,2022-06-28 11:33:59.244,2022-06-28 11:33:59.953,363,2022-06-28 11:33:59.661
445,StartSaying,LEÓN,2022-06-28 11:33:59.953,2022-06-28 11:34:01.957,1026,2022-06-28 11:34:00.370
446,EndSaying,LEÓN,2022-06-28 11:34:01.957,2022-06-28 11:34:03.765,926,2022-06-28 11:34:02.375
447,StartReading,VIOLÍN,2022-06-28 11:34:03.765,2022-06-28 11:34:04.474,363,2022-06-28 11:34:04.182
448,StartSaying,VIOLÍN,2022-06-28 11:34:04.474,2022-06-28 11:34:06.482,1028,2022-06-28 11:34:04.892
449,EndSaying,VIOLÍN,2022-06-28 11:34:06.482,2022-06-28 11:34:08.087,822,2022-06-28 11:34:06.899
450,StartReading,LIMÓN,2022-06-28 11:34:08.087,2022-06-28 11:34:08.796,363,2022-06-28 11:34:08.505
451,StartSaying,LIMÓN,2022-06-28 11:34:08.796,2022-06-28 11:34:10.800,1026,2022-06-28 11:34:09.214
452,EndSaying,LIMÓN,2022-06-28 11:34:10.800,2022-06-28 11:34:12.804,1026,2022-06-28 11:34:11.219
453,StartReading,JIRAFA,2022-06-28 11:34:12.804,2022-06-28 11:34:13.515,364,2022-06-28 11:34:13.222
454,EndReading,JIRAFA,2022-06-28 11:34:13.515,2022-06-28 11:34:15.523,1028,2022-06-28 11:34:13.934
455,EndSaying,JIRAFA,2022-06-28 11:34:15.523,2022-06-28 11:34:17.408,965,2022-06-28 11:34:15.942
456,StartReading,OJO,2022-06-28 11:34:17.408,2022-06-28 11:34:18.117,363,2022-06-28 11:34:17.826
457,StartSaying,OJO,2022-06-28 11:34:18.117,2022-06-28 11:34:20.121,1026,2022-06-28 11:34:18.536
458,EndSaying,OJO,2022-06-28 11:34:20.121,2022-06-28 11:34:21.722,820,2022-06-28 11:34:20.540
459,StartReading,CUCHARA,2022-06-28 11:34:21.722,2022-06-28 11:34:22.435,365,2022-06-28 11:34:22.139
460,StartSaying,CUCHARA,2022-06-28 11:34:22.435,2022-06-28 11:34:24.439,1026,2022-06-28 11:34:22.853
461,EndSaying,CUCHARA,2022-06-28 11:34:24.439,2022-06-28 11:34:26.017,808,2022-06-28 11:34:24.857
462,StartReading,CAMISETA,2022-06-28 11:34:26.017,2022-06-28 11:34:26.732,366,2022-06-28 11:34:26.437
463,StartSaying,CAMISETA,2022-06-28 11:34:26.732,2022-06-28 11:34:28.736,1026,2022-06-28 11:34:27.151
464,EndSaying,CAMISETA,2022-06-28 11:34:28.736,2022-06-28 11:34:30.492,899,2022-06-28 11:34:29.156
465,StartBlockThinking,,2022-06-28 11:34:30.492,2022-06-28 11:34:32.142,845,2022-06-28 11:34:30.911
466,StartReading,TOMATE,2022-06-28 11:34:32.142,2022-06-28 11:34:32.851,363,2022-06-28 11:34:32.560
467,StartSaying,TOMATE,2022-06-28 11:34:32.851,2022-06-28 11:34:34.857,1027,2022-06-28 11:34:33.269
468,EndSaying,TOMATE,2022-06-28 11:34:34.857,2022-06-28 11:34:36.619,902,2022-06-28 11:34:35.277
469,StartReading,GATO,2022-06-28 11:34:36.619,2022-06-28 11:34:37.328,363,2022-06-28 11:34:37.038
470,StartSaying,GATO,2022-06-28 11:34:37.328,2022-06-28 11:34:39.335,1028,2022-06-28 11:34:37.747
471,EndSaying,GATO,2022-06-28 11:34:39.335,2022-06-28 11:34:41.111,909,2022-06-28 11:34:39.754
472,StartReading,NARANJA,2022-06-28 11:34:41.111,2022-06-28 11:34:41.822,364,2022-06-28 11:34:41.531
473,StartSaying,NARANJA,2022-06-28 11:34:41.822,2022-06-28 11:34:43.830,1028,2022-06-28 11:34:42.241
474,EndSaying,NARANJA,2022-06-28 11:34:43.830,2022-06-28 11:34:45.792,1005,2022-06-28 11:34:44.248
475,StartReading,CUCHARA,2022-06-28 11:34:45.792,2022-06-28 11:34:46.503,364,2022-06-28 11:34:46.212
476,StartSaying,CUCHARA,2022-06-28 11:34:46.503,2022-06-28 11:34:48.509,1027,2022-06-28 11:34:46.922
477,EndSaying,CUCHARA,2022-06-28 11:34:48.509,2022-06-28 11:34:50.347,941,2022-06-28 11:34:48.929
478,StartReading,LIMÓN,2022-06-28 11:34:50.347,2022-06-28 11:34:51.056,363,2022-06-28 11:34:50.766
479,StartSaying,LIMÓN,2022-06-28 11:34:51.056,2022-06-28 11:34:53.062,1027,2022-06-28 11:34:51.476
480,EndSaying,LIMÓN,2022-06-28 11:34:53.062,2022-06-28 11:34:54.714,846,2022-06-28 11:34:53.482
481,StartReading,TENEDOR,2022-06-28 11:34:54.714,2022-06-28 11:34:55.425,364,2022-06-28 11:34:55.135
482,StartSaying,TENEDOR,2022-06-28 11:34:55.425,2022-06-28 11:34:57.433,1028,2022-06-28 11:34:55.845
483,EndSaying,TENEDOR,2022-06-28 11:34:57.433,2022-06-28 11:34:59.412,1013,2022-06-28 11:34:57.852
484,StartReading,MANO,2022-06-28 11:34:59.412,2022-06-28 11:35:00.123,364,2022-06-28 11:34:59.831
485,StartSaying,MANO,2022-06-28 11:35:00.123,2022-06-28 11:35:02.130,1028,2022-06-28 11:35:00.543
486,EndSaying,MANO,2022-06-28 11:35:02.130,2022-06-28 11:35:04.080,998,2022-06-28 11:35:02.549
487,StartReading,PIANO,2022-06-28 11:35:04.080,2022-06-28 11:35:04.789,363,2022-06-28 11:35:04.498
488,StartSaying,PIANO,2022-06-28 11:35:04.789,2022-06-28 11:35:06.796,1028,2022-06-28 11:35:05.208
489,EndSaying,PIANO,2022-06-28 11:35:06.796,2022-06-28 11:35:08.648,948,2022-06-28 11:35:07.215
490,StartReading,COPA,2022-06-28 11:35:08.648,2022-06-28 11:35:09.359,364,2022-06-28 11:35:09.068
491,StartSaying,COPA,2022-06-28 11:35:09.359,2022-06-28 11:35:11.363,1026,2022-06-28 11:35:09.779
492,EndSaying,COPA,2022-06-28 11:35:11.363,2022-06-28 11:35:13.291,987,2022-06-28 11:35:11.783
493,StartReading,VIOLÍN,2022-06-28 11:35:13.291,2022-06-28 11:35:14.000,363,2022-06-28 11:35:13.710
494,StartSaying,VIOLÍN,2022-06-28 11:35:14.000,2022-06-28 11:35:16.003,1026,2022-06-28 11:35:14.420
495,EndSaying,VIOLÍN,2022-06-28 11:35:16.003,2022-06-28 11:35:17.925,984,2022-06-28 11:35:16.425
496,StartBlockSaying,,2022-06-28 11:35:17.925,2022-06-28 11:35:19.769,944,2022-06-28 11:35:18.345
497,StartReading,CUCHILLO,2022-06-28 11:35:19.769,2022-06-28 11:35:20.478,363,2022-06-28 11:35:20.189
498,StartSaying,CUCHILLO,2022-06-28 11:35:20.478,2022-06-28 11:35:22.482,1026,2022-06-28 11:35:20.898
499,EndSaying,CUCHILLO,2022-06-28 11:35:22.482,2022-06-28 11:35:24.445,1005,2022-06-28 11:35:22.902
500,StartReading,PANTALÓN,2022-06-28 11:35:24.445,2022-06-28 11:35:25.154,363,2022-06-28 11:35:24.865
501,EndReading,PANTALÓN,2022-06-28 11:35:25.154,2022-06-28 11:35:27.160,1027,2022-06-28 11:35:25.575
502,EndSaying,PANTALÓN,2022-06-28 11:35:27.160,2022-06-28 11:35:28.818,849,2022-06-28 11:35:27.579
503,StartReading,SOMBRERO,2022-06-28 11:35:28.818,2022-06-28 11:35:29.529,364,2022-06-28 11:35:29.239
504,StartSaying,SOMBRERO,2022-06-28 11:35:29.529,2022-06-28 11:35:31.535,1027,2022-06-28 11:35:29.949
505,EndSaying,SOMBRERO,2022-06-28 11:35:31.535,2022-06-28 11:35:33.113,808,2022-06-28 11:35:31.956
506,StartReading,PERRO,2022-06-28 11:35:33.113,2022-06-28 11:35:33.822,363,2022-06-28 11:35:33.533
507,StartSaying,PERRO,2022-06-28 11:35:33.822,2022-06-28 11:35:35.828,1027,2022-06-28 11:35:34.243
508,EndSaying,PERRO,2022-06-28 11:35:35.828,2022-06-28 11:35:37.791,1005,2022-06-28 11:35:36.248
509,StartReading,GATO,2022-06-28 11:35:37.791,2022-06-28 11:35:38.500,363,2022-06-28 11:35:38.211
510,StartSaying,GATO,2022-06-28 11:35:38.500,2022-06-28 11:35:40.503,1026,2022-06-28 11:35:38.920
511,EndSaying,GATO,2022-06-28 11:35:40.503,2022-06-28 11:35:42.148,842,2022-06-28 11:35:40.925
512,StartReading,PIANO,2022-06-28 11:35:42.148,2022-06-28 11:35:42.865,367,2022-06-28 11:35:42.569
513,StartSaying,PIANO,2022-06-28 11:35:42.865,2022-06-28 11:35:44.871,1027,2022-06-28 11:35:43.287
514,EndSaying,PIANO,2022-06-28 11:35:44.871,2022-06-28 11:35:46.439,803,2022-06-28 11:35:45.291
515,StartReading,GUITARRA,2022-06-28 11:35:46.439,2022-06-28 11:35:47.148,363,2022-06-28 11:35:46.861
516,StartSaying,GUITARRA,2022-06-28 11:35:47.148,2022-06-28 11:35:49.156,1028,2022-06-28 11:35:47.570
517,EndSaying,GUITARRA,2022-06-28 11:35:49.156,2022-06-28 11:35:50.695,788,2022-06-28 11:35:49.577
518,StartReading,COPA,2022-06-28 11:35:50.695,2022-06-28 11:35:51.404,363,2022-06-28 11:35:51.116
519,StartSaying,COPA,2022-06-28 11:35:51.404,2022-06-28 11:35:53.408,1026,2022-06-28 11:35:51.825
520,EndSaying,COPA,2022-06-28 11:35:53.408,2022-06-28 11:35:55.039,835,2022-06-28 11:35:53.829
521,StartReading,ZAPATO,2022-06-28 11:35:55.039,2022-06-28 11:35:55.750,364,2022-06-28 11:35:55.461
522,StartSaying,ZAPATO,2022-06-28 11:35:55.750,2022-06-28 11:35:57.755,1027,2022-06-28 11:35:56.172
523,EndSaying,ZAPATO,2022-06-28 11:35:57.755,2022-06-28 11:35:59.498,892,2022-06-28 11:35:58.177
524,StartReading,OREJA,2022-06-28 11:35:59.498,2022-06-28 11:36:00.208,364,2022-06-28 11:35:59.918
525,StartSaying,OREJA,2022-06-28 11:36:00.208,2022-06-28 11:36:02.212,1026,2022-06-28 11:36:00.630
526,EndSaying,OREJA,2022-06-28 11:36:02.212,2022-06-28 11:36:04.207,1021,2022-06-28 11:36:02.634
527,StartBlockThinking,,2022-06-28 11:36:04.207,2022-06-28 11:36:06.044,941,2022-06-28 11:36:04.627
528,StartReading,LEÓN,2022-06-28 11:36:06.044,2022-06-28 11:36:06.755,364,2022-06-28 11:36:06.466
529,StartSaying,LEÓN,2022-06-28 11:36:06.755,2022-06-28 11:36:08.759,1026,2022-06-28 11:36:07.177
530,EndSaying,LEÓN,2022-06-28 11:36:08.759,2022-06-28 11:36:10.621,953,2022-06-28 11:36:09.182
531,StartReading,TROMPETA,2022-06-28 11:36:10.621,2022-06-28 11:36:11.332,364,2022-06-28 11:36:11.041
532,StartSaying,TROMPETA,2022-06-28 11:36:11.332,2022-06-28 11:36:13.335,1026,2022-06-28 11:36:11.754
533,EndSaying,TROMPETA,2022-06-28 11:36:13.335,2022-06-28 11:36:14.894,798,2022-06-28 11:36:13.758
534,StartReading,JIRAFA,2022-06-28 11:36:14.894,2022-06-28 11:36:15.605,364,2022-06-28 11:36:15.317
535,StartSaying,JIRAFA,2022-06-28 11:36:15.605,2022-06-28 11:36:17.613,1028,2022-06-28 11:36:16.027
536,EndSaying,JIRAFA,2022-06-28 11:36:17.613,2022-06-28 11:36:19.296,862,2022-06-28 11:36:18.035
537,StartReading,CABALLO,2022-06-28 11:36:19.296,2022-06-28 11:36:20.005,363,2022-06-28 11:36:19.718
538,StartSaying,CABALLO,2022-06-28 11:36:20.005,2022-06-28 11:36:22.013,1028,2022-06-28 11:36:20.428
539,EndSaying,CABALLO,2022-06-28 11:36:22.013,2022-06-28 11:36:23.958,996,2022-06-28 11:36:22.435
540,StartReading,LECHUGA,2022-06-28 11:36:23.958,2022-06-28 11:36:24.669,364,2022-06-28 11:36:24.382
541,EndReading,LECHUGA,2022-06-28 11:36:24.669,2022-06-28 11:36:26.675,1027,2022-06-28 11:36:25.093
542,EndSaying,LECHUGA,2022-06-28 11:36:26.675,2022-06-28 11:36:28.531,950,2022-06-28 11:36:27.098
543,StartReading,SOMBRERO,2022-06-28 11:36:28.531,2022-06-28 11:36:29.244,365,2022-06-28 11:36:28.955
544,StartSaying,SOMBRERO,2022-06-28 11:36:29.244,2022-06-28 11:36:31.251,1028,2022-06-28 11:36:29.668
545,EndSaying,SOMBRERO,2022-06-28 11:36:31.251,2022-06-28 11:36:33.183,989,2022-06-28 11:36:31.674
546,StartReading,ZAPATO,2022-06-28 11:36:33.183,2022-06-28 11:36:33.892,363,2022-06-28 11:36:33.606
547,StartSaying,ZAPATO,2022-06-28 11:36:33.892,2022-06-28 11:36:35.900,1028,2022-06-28 11:36:34.315
548,EndSaying,ZAPATO,2022-06-28 11:36:35.900,2022-06-28 11:36:37.802,974,2022-06-28 11:36:36.323
549,StartReading,PLATO,2022-06-28 11:36:37.802,2022-06-28 11:36:38.513,364,2022-06-28 11:36:38.226
550,StartSaying,PLATO,2022-06-28 11:36:38.513,2022-06-28 11:36:40.515,1025,2022-06-28 11:36:38.935
551,EndSaying,PLATO,2022-06-28 11:36:40.515,2022-06-28 11:36:42.150,837,2022-06-28 11:36:40.939
552,StartReading,FLAUTA,2022-06-28 11:36:42.150,2022-06-28 11:36:42.863,365,2022-06-28 11:36:42.573
553,StartSaying,FLAUTA,2022-06-28 11:36:42.863,2022-06-28 11:36:44.871,1028,2022-06-28 11:36:43.286
554,EndSaying,FLAUTA,2022-06-28 11:36:44.871,2022-06-28 11:36:46.568,869,2022-06-28 11:36:45.294
555,StartReading,PERRO,2022-06-28 11:36:46.568,2022-06-28 11:36:47.277,363,2022-06-28 11:36:46.992
556,EndReading,PERRO,2022-06-28 11:36:47.277,2022-06-28 11:36:49.285,1028,2022-06-28 11:36:47.701
557,EndSaying,PERRO,2022-06-28 11:36:49.285,2022-06-28 11:36:51.478,1123,2022-06-28 11:36:49.708
558,StartBlockSaying,,2022-06-28 11:36:51.478,2022-06-28 11:36:53.062,811,2022-06-28 11:36:51.902
559,StartReading,MANO,2022-06-28 11:36:53.062,2022-06-28 11:36:53.773,364,2022-06-28 11:36:53.485
560,StartSaying,MANO,2022-06-28 11:36:53.773,2022-06-28 11:36:55.781,1028,2022-06-28 11:36:54.197
561,EndSaying,MANO,2022-06-28 11:36:55.781,2022-06-28 11:36:57.623,943,2022-06-28 11:36:56.205
562,StartReading,FLAUTA,2022-06-28 11:36:57.623,2022-06-28 11:36:58.332,363,2022-06-28 11:36:58.046
563,StartSaying,FLAUTA,2022-06-28 11:36:58.332,2022-06-28 11:37:00.335,1026,2022-06-28 11:36:58.756
564,EndSaying,FLAUTA,2022-06-28 11:37:00.335,2022-06-28 11:37:01.980,842,2022-06-28 11:37:00.760
565,StartReading,PIANO,2022-06-28 11:37:01.980,2022-06-28 11:37:02.691,364,2022-06-28 11:37:02.404
566,StartSaying,PIANO,2022-06-28 11:37:02.691,2022-06-28 11:37:04.695,1026,2022-06-28 11:37:03.114
567,EndSaying,PIANO,2022-06-28 11:37:04.695,2022-06-28 11:37:06.382,864,2022-06-28 11:37:05.119
568,StartReading,LEÓN,2022-06-28 11:37:06.382,2022-06-28 11:37:07.093,364,2022-06-28 11:37:06.807
569,StartSaying,LEÓN,2022-06-28 11:37:07.093,2022-06-28 11:37:09.099,1027,2022-06-28 11:37:07.518
570,EndSaying,LEÓN,2022-06-28 11:37:09.099,2022-06-28 11:37:10.759,850,2022-06-28 11:37:09.523
571,StartReading,JIRAFA,2022-06-28 11:37:10.759,2022-06-28 11:37:11.468,363,2022-06-28 11:37:11.183
572,StartSaying,JIRAFA,2022-06-28 11:37:11.468,2022-06-28 11:37:13.472,1026,2022-06-28 11:37:11.893
573,EndSaying,JIRAFA,2022-06-28 11:37:13.472,2022-06-28 11:37:15.410,992,2022-06-28 11:37:13.897
574,StartReading,CUCHARA,2022-06-28 11:37:15.410,2022-06-28 11:37:16.119,363,2022-06-28 11:37:15.834
575,EndReading,CUCHARA,2022-06-28 11:37:16.119,2022-06-28 11:37:18.126,1028,2022-06-28 11:37:16.543
576,EndSaying,CUCHARA,2022-06-28 11:37:18.126,2022-06-28 11:37:20.136,1029,2022-06-28 11:37:18.550
577,StartReading,COPA,2022-06-28 11:37:20.136,2022-06-28 11:37:20.843,362,2022-06-28 11:37:20.560
578,EndReading,COPA,2022-06-28 11:37:20.843,2022-06-28 11:37:22.849,1027,2022-06-28 11:37:21.269
579,EndSaying,COPA,2022-06-28 11:37:22.849,2022-06-28 11:37:24.685,940,2022-06-28 11:37:23.274
580,StartReading,NARANJA,2022-06-28 11:37:24.685,2022-06-28 11:37:25.392,362,2022-06-28 11:37:25.109
581,EndReading,NARANJA,2022-06-28 11:37:25.392,2022-06-28 11:37:27.400,1028,2022-06-28 11:37:25.818
582,EndSaying,NARANJA,2022-06-28 11:37:27.400,2022-06-28 11:37:28.982,810,2022-06-28 11:37:27.825
583,StartReading,PIE,2022-06-28 11:37:28.982,2022-06-28 11:37:29.693,364,2022-06-28 11:37:29.407
584,StartSaying,PIE,2022-06-28 11:37:29.693,2022-06-28 11:37:31.701,1028,2022-06-28 11:37:30.117
585,EndSaying,PIE,2022-06-28 11:37:31.701,2022-06-28 11:37:33.675,1011,2022-06-28 11:37:32.125
586,StartReading,CUCHILLO,2022-06-28 11:37:33.675,2022-06-28 11:37:34.384,363,2022-06-28 11:37:34.100
587,EndReading,CUCHILLO,2022-06-28 11:37:34.384,2022-06-28 11:37:36.392,1028,2022-06-28 11:37:34.810
588,EndSaying,CUCHILLO,2022-06-28 11:37:36.392,2022-06-28 11:37:40.974,2346,2022-06-28 11:37:36.817
589,StartBlockThinking,,2022-06-28 11:37:40.974,2022-06-28 11:37:42.794,932,2022-06-28 11:37:41.400
590,StartReading,FLAUTA,2022-06-28 11:37:42.794,2022-06-28 11:37:43.503,363,2022-06-28 11:37:43.219
591,StartSaying,FLAUTA,2022-06-28 11:37:43.503,2022-06-28 11:37:45.509,1027,2022-06-28 11:37:43.930
592,EndSaying,FLAUTA,2022-06-28 11:37:45.509,2022-06-28 11:37:47.085,807,2022-06-28 11:37:45.935
593,StartReading,MANZANA,2022-06-28 11:37:47.085,2022-06-28 11:37:47.794,363,2022-06-28 11:37:47.510
594,StartSaying,MANZANA,2022-06-28 11:37:47.794,2022-06-28 11:37:49.802,1028,2022-06-28 11:37:48.220
595,EndSaying,MANZANA,2022-06-28 11:37:49.802,2022-06-28 11:37:51.476,857,2022-06-28 11:37:50.228
596,StartReading,TROMPETA,2022-06-28 11:37:51.476,2022-06-28 11:37:52.185,363,2022-06-28 11:37:51.901
597,StartSaying,TROMPETA,2022-06-28 11:37:52.185,2022-06-28 11:37:54.193,1028,2022-06-28 11:37:52.611
598,EndSaying,TROMPETA,2022-06-28 11:37:54.193,2022-06-28 11:37:56.068,960,2022-06-28 11:37:54.617
599,StartReading,GUITARRA,2022-06-28 11:37:56.068,2022-06-28 11:37:56.779,364,2022-06-28 11:37:56.495
600,StartSaying,GUITARRA,2022-06-28 11:37:56.779,2022-06-28 11:37:58.785,1027,2022-06-28 11:37:57.205
601,EndSaying,GUITARRA,2022-06-28 11:37:58.785,2022-06-28 11:38:00.304,778,2022-06-28 11:37:59.210
602,StartReading,OJO,2022-06-28 11:38:00.304,2022-06-28 11:38:01.013,363,2022-06-28 11:38:00.729
603,StartSaying,OJO,2022-06-28 11:38:01.013,2022-06-28 11:38:03.023,1029,2022-06-28 11:38:01.440
604,EndSaying,OJO,2022-06-28 11:38:03.023,2022-06-28 11:38:04.888,955,2022-06-28 11:38:03.449
605,StartReading,LIMÓN,2022-06-28 11:38:04.888,2022-06-28 11:38:05.597,363,2022-06-28 11:38:05.314
606,StartSaying,LIMÓN,2022-06-28 11:38:05.597,2022-06-28 11:38:07.603,1027,2022-06-28 11:38:06.024
607,EndSaying,LIMÓN,2022-06-28 11:38:07.603,2022-06-28 11:38:09.287,862,2022-06-28 11:38:08.029
608,StartReading,SOMBRERO,2022-06-28 11:38:09.287,2022-06-28 11:38:09.998,364,2022-06-28 11:38:09.714
609,StartSaying,SOMBRERO,2022-06-28 11:38:09.998,2022-06-28 11:38:12.001,1026,2022-06-28 11:38:10.424
610,EndSaying,SOMBRERO,2022-06-28 11:38:12.001,2022-06-28 11:38:13.921,983,2022-06-28 11:38:12.429
611,StartReading,PANTALÓN,2022-06-28 11:38:13.921,2022-06-28 11:38:14.632,364,2022-06-28 11:38:14.349
612,StartSaying,PANTALÓN,2022-06-28 11:38:14.632,2022-06-28 11:38:16.642,1029,2022-06-28 11:38:15.060
613,EndSaying,PANTALÓN,2022-06-28 11:38:16.642,2022-06-28 11:38:18.177,786,2022-06-28 11:38:17.068
614,StartReading,TENEDOR,2022-06-28 11:38:18.177,2022-06-28 11:38:18.886,363,2022-06-28 11:38:18.603
615,StartSaying,TENEDOR,2022-06-28 11:38:18.886,2022-06-28 11:38:20.892,1027,2022-06-28 11:38:19.313
616,EndSaying,TENEDOR,2022-06-28 11:38:20.892,2022-06-28 11:38:22.890,1023,2022-06-28 11:38:21.319
617,StartReading,LECHUGA,2022-06-28 11:38:22.890,2022-06-28 11:38:23.601,364,2022-06-28 11:38:23.317
618,StartSaying,LECHUGA,2022-06-28 11:38:23.601,2022-06-28 11:38:25.607,1027,2022-06-28 11:38:24.029
619,EndSaying,LECHUGA,2022-06-28 11:38:25.607,2022-06-28 11:38:27.759,1102,2022-06-28 11:38:26.034
620,StartBlockSaying,,2022-06-28 11:38:27.759,2022-06-28 11:38:29.267,772,2022-06-28 11:38:28.186
621,StartReading,CAMISETA,2022-06-28 11:38:29.267,2022-06-28 11:38:29.978,364,2022-06-28 11:38:29.695
622,StartSaying,CAMISETA,2022-06-28 11:38:29.978,2022-06-28 11:38:31.982,1026,2022-06-28 11:38:30.405
623,EndSaying,CAMISETA,2022-06-28 11:38:31.982,2022-06-28 11:38:33.652,855,2022-06-28 11:38:32.410
624,StartReading,OJO,2022-06-28 11:38:33.652,2022-06-28 11:38:34.365,365,2022-06-28 11:38:34.079
625,StartSaying,OJO,2022-06-28 11:38:34.365,2022-06-28 11:38:36.371,1027,2022-06-28 11:38:34.792
626,EndSaying,OJO,2022-06-28 11:38:36.371,2022-06-28 11:38:38.281,978,2022-06-28 11:38:36.799
627,StartReading,MANZANA,2022-06-28 11:38:38.281,2022-06-28 11:38:38.994,365,2022-06-28 11:38:38.708
628,StartSaying,MANZANA,2022-06-28 11:38:38.994,2022-06-28 11:38:41.001,1028,2022-06-28 11:38:39.421
629,EndSaying,MANZANA,2022-06-28 11:38:41.001,2022-06-28 11:38:42.562,799,2022-06-28 11:38:41.429
630,StartReading,VIOLÍN,2022-06-28 11:38:42.562,2022-06-28 11:38:43.273,364,2022-06-28 11:38:42.990
631,StartSaying,VIOLÍN,2022-06-28 11:38:43.273,2022-06-28 11:38:45.281,1028,2022-06-28 11:38:43.701
632,EndSaying,VIOLÍN,2022-06-28 11:38:45.281,2022-06-28 11:38:47.201,983,2022-06-28 11:38:45.708
633,StartReading,PANTALÓN,2022-06-28 11:38:47.201,2022-06-28 11:38:47.912,364,2022-06-28 11:38:47.629
634,StartSaying,PANTALÓN,2022-06-28 11:38:47.912,2022-06-28 11:38:49.917,1027,2022-06-28 11:38:48.340
635,EndSaying,PANTALÓN,2022-06-28 11:38:49.917,2022-06-28 11:38:51.675,900,2022-06-28 11:38:50.346
636,StartReading,CABALLO,2022-06-28 11:38:51.675,2022-06-28 11:38:52.388,365,2022-06-28 11:38:52.103
637,StartSaying,CABALLO,2022-06-28 11:38:52.388,2022-06-28 11:38:54.392,1026,2022-06-28 11:38:52.817
638,EndSaying,CABALLO,2022-06-28 11:38:54.392,2022-06-28 11:38:56.322,988,2022-06-28 11:38:54.822
639,StartReading,SOMBRERO,2022-06-28 11:38:56.322,2022-06-28 11:38:57.035,365,2022-06-28 11:38:56.751
640,StartSaying,SOMBRERO,2022-06-28 11:38:57.035,2022-06-28 11:38:59.042,1028,2022-06-28 11:38:57.464
641,EndSaying,SOMBRERO,2022-06-28 11:38:59.042,2022-06-28 11:39:00.722,860,2022-06-28 11:38:59.470
642,StartReading,PLATO,2022-06-28 11:39:00.722,2022-06-28 11:39:01.429,362,2022-06-28 11:39:01.150
643,EndReading,PLATO,2022-06-28 11:39:01.429,2022-06-28 11:39:03.435,1027,2022-06-28 11:39:01.859
644,EndSaying,PLATO,2022-06-28 11:39:03.435,2022-06-28 11:39:05.191,899,2022-06-28 11:39:03.863
645,StartReading,GUITARRA,2022-06-28 11:39:05.191,2022-06-28 11:39:05.902,364,2022-06-28 11:39:05.620
646,StartSaying,GUITARRA,2022-06-28 11:39:05.902,2022-06-28 11:39:07.908,1027,2022-06-28 11:39:06.330
647,EndSaying,GUITARRA,2022-06-28 11:39:07.908,2022-06-28 11:39:09.837,988,2022-06-28 11:39:08.335
648,StartReading,CALCETÍN,2022-06-28 11:39:09.837,2022-06-28 11:39:10.550,365,2022-06-28 11:39:10.267
649,StartSaying,CALCETÍN,2022-06-28 11:39:10.550,2022-06-28 11:39:12.556,1027,2022-06-28 11:39:10.978
650,EndSaying,CALCETÍN,2022-06-28 11:39:12.556,2022-06-28 11:39:14.294,890,2022-06-28 11:39:12.985
651,StartBlockThinking,,2022-06-28 11:39:14.296,2022-06-28 11:39:16.236,993,2022-06-28 11:39:14.725
652,StartReading,PIANO,2022-06-28 11:39:16.236,2022-06-28 11:39:16.949,365,2022-06-28 11:39:16.665
653,EndReading,PIANO,2022-06-28 11:39:16.949,2022-06-28 11:39:18.955,1027,2022-06-28 11:39:17.378
654,EndSaying,PIANO,2022-06-28 11:39:18.955,2022-06-28 11:39:20.826,958,2022-06-28 11:39:19.384
655,StartReading,CALCETÍN,2022-06-28 11:39:20.826,2022-06-28 11:39:21.537,364,2022-06-28 11:39:21.254
656,StartSaying,CALCETÍN,2022-06-28 11:39:21.537,2022-06-28 11:39:23.541,1026,2022-06-28 11:39:21.967
657,EndSaying,CALCETÍN,2022-06-28 11:39:23.541,2022-06-28 11:39:25.531,1019,2022-06-28 11:39:23.971
658,StartReading,OREJA,2022-06-28 11:39:25.531,2022-06-28 11:39:26.240,363,2022-06-28 11:39:25.960
659,StartSaying,OREJA,2022-06-28 11:39:26.240,2022-06-28 11:39:28.246,1027,2022-06-28 11:39:26.669
660,EndSaying,OREJA,2022-06-28 11:39:28.246,2022-06-28 11:39:30.255,1029,2022-06-28 11:39:28.675
661,StartReading,MANO,2022-06-28 11:39:30.255,2022-06-28 11:39:30.964,363,2022-06-28 11:39:30.685
662,StartSaying,MANO,2022-06-28 11:39:30.964,2022-06-28 11:39:32.972,1028,2022-06-28 11:39:31.394
663,EndSaying,MANO,2022-06-28 11:39:32.972,2022-06-28 11:39:34.712,891,2022-06-28 11:39:33.403
664,StartReading,CAMISETA,2022-06-28 11:39:34.712,2022-06-28 11:39:35.421,363,2022-06-28 11:39:35.142
665,StartSaying,CAMISETA,2022-06-28 11:39:35.421,2022-06-28 11:39:37.425,1026,2022-06-28 11:39:35.851
666,EndSaying,CAMISETA,2022-06-28 11:39:37.425,2022-06-28 11:39:39.410,1016,2022-06-28 11:39:37.855
667,StartReading,COPA,2022-06-28 11:39:39.410,2022-06-28 11:39:40.121,364,2022-06-28 11:39:39.840
668,StartSaying,COPA,2022-06-28 11:39:40.121,2022-06-28 11:39:42.125,1026,2022-06-28 11:39:40.551
669,EndSaying,COPA,2022-06-28 11:39:42.125,2022-06-28 11:39:43.871,894,2022-06-28 11:39:42.555
670,StartReading,CUCHILLO,2022-06-28 11:39:43.871,2022-06-28 11:39:44.582,364,2022-06-28 11:39:44.300
671,StartSaying,CUCHILLO,2022-06-28 11:39:44.582,2022-06-28 11:39:46.587,1027,2022-06-28 11:39:45.012
672,EndSaying,CUCHILLO,2022-06-28 11:39:46.587,2022-06-28 11:39:48.380,918,2022-06-28 11:39:47.017
673,StartReading,TOMATE,2022-06-28 11:39:48.380,2022-06-28 11:39:49.089,363,2022-06-28 11:39:48.810
674,StartSaying,TOMATE,2022-06-28 11:39:49.089,2022-06-28 11:39:51.093,1026,2022-06-28 11:39:49.519
675,EndSaying,TOMATE,2022-06-28 11:39:51.093,2022-06-28 11:39:52.884,917,2022-06-28 11:39:51.523
676,StartReading,PLATO,2022-06-28 11:39:52.884,2022-06-28 11:39:53.593,363,2022-06-28 11:39:53.313
677,StartSaying,PLATO,2022-06-28 11:39:53.593,2022-06-28 11:39:55.601,1028,2022-06-28 11:39:54.024
678,EndSaying,PLATO,2022-06-28 11:39:55.601,2022-06-28 11:39:57.142,789,2022-06-28 11:39:56.032
679,StartReading,JIRAFA,2022-06-28 11:39:57.142,2022-06-28 11:39:57.853,364,2022-06-28 11:39:57.573
680,StartSaying,JIRAFA,2022-06-28 11:39:57.853,2022-06-28 11:39:59.857,1026,2022-06-28 11:39:58.283
681,EndSaying,JIRAFA,2022-06-28 11:39:59.857,2022-06-28 11:40:01.625,905,2022-06-28 11:40:00.289
682,StartBlockSaying,,2022-06-28 11:40:01.625,2022-06-28 11:40:03.246,830,2022-06-28 11:40:02.056
683,StartReading,RODILLA,2022-06-28 11:40:03.246,2022-06-28 11:40:03.957,364,2022-06-28 11:40:03.676
684,StartSaying,RODILLA,2022-06-28 11:40:03.957,2022-06-28 11:40:05.964,1028,2022-06-28 11:40:04.387
685,EndSaying,RODILLA,2022-06-28 11:40:05.964,2022-06-28 11:40:07.537,805,2022-06-28 11:40:06.395
686,StartReading,GATO,2022-06-28 11:40:07.537,2022-06-28 11:40:08.246,363,2022-06-28 11:40:07.968
687,StartSaying,GATO,2022-06-28 11:40:08.246,2022-06-28 11:40:10.250,1026,2022-06-28 11:40:08.677
688,EndSaying,GATO,2022-06-28 11:40:10.250,2022-06-28 11:40:11.894,842,2022-06-28 11:40:10.681
689,StartReading,OREJA,2022-06-28 11:40:11.894,2022-06-28 11:40:12.605,364,2022-06-28 11:40:12.325
690,StartSaying,OREJA,2022-06-28 11:40:12.605,2022-06-28 11:40:14.611,1027,2022-06-28 11:40:13.037
691,EndSaying,OREJA,2022-06-28 11:40:14.611,2022-06-28 11:40:16.414,923,2022-06-28 11:40:15.042
692,StartReading,TENEDOR,2022-06-28 11:40:16.414,2022-06-28 11:40:17.123,363,2022-06-28 11:40:16.844
693,StartSaying,TENEDOR,2022-06-28 11:40:17.123,2022-06-28 11:40:19.128,1027,2022-06-28 11:40:17.554
694,EndSaying,TENEDOR,2022-06-28 11:40:19.128,2022-06-28 11:40:20.859,886,2022-06-28 11:40:19.561
695,StartReading,TROMPETA,2022-06-28 11:40:20.859,2022-06-28 11:40:21.568,363,2022-06-28 11:40:21.291
696,StartSaying,TROMPETA,2022-06-28 11:40:21.568,2022-06-28 11:40:23.576,1028,2022-06-28 11:40:22.000
697,EndSaying,TROMPETA,2022-06-28 11:40:23.576,2022-06-28 11:40:25.232,848,2022-06-28 11:40:24.008
698,StartReading,LECHUGA,2022-06-28 11:40:25.232,2022-06-28 11:40:25.947,366,2022-06-28 11:40:25.664
699,EndReading,LECHUGA,2022-06-28 11:40:25.947,2022-06-28 11:40:27.957,1029,2022-06-28 11:40:26.379
700,EndSaying,LECHUGA,2022-06-28 11:40:27.957,2022-06-28 11:40:29.654,869,2022-06-28 11:40:28.387
701,StartReading,TOMATE,2022-06-28 11:40:29.654,2022-06-28 11:40:30.363,363,2022-06-28 11:40:30.085
702,StartSaying,TOMATE,2022-06-28 11:40:30.363,2022-06-28 11:40:32.371,1028,2022-06-28 11:40:30.795
703,EndSaying,TOMATE,2022-06-28 11:40:32.371,2022-06-28 11:40:34.335,1006,2022-06-28 11:40:32.802
704,StartReading,LIMÓN,2022-06-28 11:40:34.335,2022-06-28 11:40:35.046,364,2022-06-28 11:40:34.767
705,StartSaying,LIMÓN,2022-06-28 11:40:35.046,2022-06-28 11:40:37.050,1026,2022-06-28 11:40:35.479
706,EndSaying,LIMÓN,2022-06-28 11:40:37.050,2022-06-28 11:40:39.015,1006,2022-06-28 11:40:37.483
707,StartReading,ZAPATO,2022-06-28 11:40:39.015,2022-06-28 11:40:39.726,364,2022-06-28 11:40:39.448
708,StartSaying,ZAPATO,2022-06-28 11:40:39.726,2022-06-28 11:40:41.730,1026,2022-06-28 11:40:40.158
709,EndSaying,ZAPATO,2022-06-28 11:40:41.730,2022-06-28 11:40:43.699,1008,2022-06-28 11:40:42.163
710,StartReading,PERRO,2022-06-28 11:40:43.699,2022-06-28 11:40:44.408,363,2022-06-28 11:40:44.130
711,StartSaying,PERRO,2022-06-28 11:40:44.408,2022-06-28 11:40:46.412,1026,2022-06-28 11:40:44.840
712,EndSaying,PERRO,2022-06-28 11:40:46.412,2022-06-28 11:40:48.564,1102,2022-06-28 11:40:46.844
713,StartBlockThinking,,2022-06-28 11:40:48.566,2022-06-28 11:40:50.123,797,2022-06-28 11:40:48.998
714,StartReading,LEÓN,2022-06-28 11:40:50.123,2022-06-28 11:40:50.833,364,2022-06-28 11:40:50.556
715,StartSaying,LEÓN,2022-06-28 11:40:50.833,2022-06-28 11:40:52.837,1026,2022-06-28 11:40:51.265
716,EndSaying,LEÓN,2022-06-28 11:40:52.837,2022-06-28 11:40:54.636,921,2022-06-28 11:40:53.271
717,StartReading,CABALLO,2022-06-28 11:40:54.636,2022-06-28 11:40:55.343,362,2022-06-28 11:40:55.068
718,StartSaying,CABALLO,2022-06-28 11:40:55.343,2022-06-28 11:40:57.349,1027,2022-06-28 11:40:55.778
719,EndSaying,CABALLO,2022-06-28 11:40:57.349,2022-06-28 11:40:58.960,825,2022-06-28 11:40:57.782
720,StartReading,PERRO,2022-06-28 11:40:58.960,2022-06-28 11:40:59.671,364,2022-06-28 11:40:59.394
721,StartSaying,PERRO,2022-06-28 11:40:59.671,2022-06-28 11:41:01.679,1028,2022-06-28 11:41:00.105
722,EndSaying,PERRO,2022-06-28 11:41:01.679,2022-06-28 11:41:03.539,952,2022-06-28 11:41:02.113
723,StartReading,CUCHARA,2022-06-28 11:41:03.539,2022-06-28 11:41:04.246,362,2022-06-28 11:41:03.971
724,StartSaying,CUCHARA,2022-06-28 11:41:04.246,2022-06-28 11:41:06.251,1027,2022-06-28 11:41:04.680
725,EndSaying,CUCHARA,2022-06-28 11:41:06.251,2022-06-28 11:41:07.816,801,2022-06-28 11:41:06.684
726,StartReading,PIE,2022-06-28 11:41:07.816,2022-06-28 11:41:08.525,363,2022-06-28 11:41:08.250
727,EndReading,PIE,2022-06-28 11:41:08.525,2022-06-28 11:41:10.531,1027,2022-06-28 11:41:08.959
728,EndSaying,PIE,2022-06-28 11:41:10.531,2022-06-28 11:41:12.074,790,2022-06-28 11:41:10.964
729,StartReading,NARANJA,2022-06-28 11:41:12.074,2022-06-28 11:41:12.787,365,2022-06-28 11:41:12.507
730,StartSaying,NARANJA,2022-06-28 11:41:12.787,2022-06-28 11:41:14.792,1027,2022-06-28 11:41:13.220
731,EndSaying,NARANJA,2022-06-28 11:41:14.792,2022-06-28 11:41:16.562,906,2022-06-28 11:41:15.226
732,StartReading,RODILLA,2022-06-28 11:41:16.562,2022-06-28 11:41:17.271,363,2022-06-28 11:41:16.995
733,StartSaying,RODILLA,2022-06-28 11:41:17.271,2022-06-28 11:41:19.279,1028,2022-06-28 11:41:17.705
734,EndSaying,RODILLA,2022-06-28 11:41:19.279,2022-06-28 11:41:21.199,983,2022-06-28 11:41:19.712
735,StartReading,VIOLÍN,2022-06-28 11:41:21.199,2022-06-28 11:41:21.908,363,2022-06-28 11:41:21.632
736,EndReading,VIOLÍN,2022-06-28 11:41:21.908,2022-06-28 11:41:23.914,1027,2022-06-28 11:41:22.343
737,EndSaying,VIOLÍN,2022-06-28 11:41:23.914,2022-06-28 11:41:25.792,962,2022-06-28 11:41:24.348
738,StartReading,GATO,2022-06-28 11:41:25.792,2022-06-28 11:41:26.501,363,2022-06-28 11:41:26.226
739,StartSaying,GATO,2022-06-28 11:41:26.501,2022-06-28 11:41:28.505,1026,2022-06-28 11:41:26.936
740,EndSaying,GATO,2022-06-28 11:41:28.505,2022-06-28 11:41:30.425,983,2022-06-28 11:41:28.940
741,StartReading,ZAPATO,2022-06-28 11:41:30.425,2022-06-28 11:41:31.136,364,2022-06-28 11:41:30.860
742,StartSaying,ZAPATO,2022-06-28 11:41:31.136,2022-06-28 11:41:33.140,1026,2022-06-28 11:41:31.570
743,EndSaying,ZAPATO,2022-06-28 11:41:33.140,2022-06-28 11:43:33.603,61677,2022-06-28 11:41:33.574
